keyword,volume,seo_difficulty,cpc_usd,paid_difficulty,competition,intent,sources,market,language,extracted_at
abogado penalista,4400,3,4.9,75,0.75,Informational,Ubersuggest seed,Argentina,es,2026-09-24
abogado penalista gratis,480,20,0.99,81,0.81,Commercial,Ubersuggest match_keywords,Argentina,es,2026-09-24
abogado penalista caba,390,14,7.48,88,0.88,Navigational,Ubersuggest match_keywords,Argentina,es,2026-09-24
abogado penalista cerca de mi,390,5,0.37,47,0.47,Commercial,Ubersuggest match_keywords,Argentina,es,2026-09-24
abogado penalista córdoba,390,4,0.96,96,0.96,Commercial,Ubersuggest match_keywords,Argentina,es,2026-09-24
abogado penalista rosario,320,8,0.7,64,0.64,Commercial,Ubersuggest match_keywords,Argentina,es,2026-09-24
abogado penalista mendoza,260,13,1,95,0.95,Navigational,Ubersuggest match_keywords,Argentina,es,2026-09-24
abogado penalista que hace,260,6,1.54,30,0.3,Informational,Ubersuggest match_keywords,Argentina,es,2026-09-24
abogado penalista en santa fe,210,6,0.7,71,0.71,Commercial,Ubersuggest match_keywords,Argentina,es,2026-09-24
abogado penalista en mar del plata,170,11,1.05,53,0.53,Commercial,Ubersuggest match_keywords,Argentina,es,2026-09-24
abogado penalista gratuito,140,28,1.8,84,0.84,Commercial,Ubersuggest match_keywords,Argentina,es,2026-09-24
que es un abogado penalista,140,10,0.68,35,0.35,Informational,Ubersuggest match_keywords,Argentina,es,2026-09-24
abogado penalista bahia blanca,110,4,0.72,70,0.7,Commercial,Ubersuggest match_keywords,Argentina,es,2026-09-24
abogado penalista buenos aires,110,5,3.17,79,0.79,Commercial,Ubersuggest match_keywords,Argentina,es,2026-09-24
abogado penalista en san juan,110,12,0.27,56,0.56,Commercial,Ubersuggest match_keywords,Argentina,es,2026-09-24
abogado penalista famoso,110,10,1.7,64,0.64,Informational,Ubersuggest match_keywords,Argentina,es,2026-09-24
abogado penalista la plata,110,4,2.41,94,0.94,Commercial,Ubersuggest match_keywords,Argentina,es,2026-09-24
cuanto gana un abogado penalista en argentina,110,16,0,1,0,Informational,Ubersuggest match_keywords,Argentina,es,2026-09-24
roberto castillo abogado penalista,110,26,0.02,12,0.12,Navigational,Ubersuggest match_keywords,Argentina,es,2026-09-24
abogado penalista neuquen,90,35,0.345,70,0.7,,Ubersuggest match_keywords,Argentina,es,2026-09-24
abogado penalista argentina,70,34,3.255,68,0.68,,Ubersuggest match_keywords,Argentina,es,2026-09-24
abogado penalista lomas de zamora,70,28,1.93,74,0.74,,Ubersuggest match_keywords,Argentina,es,2026-09-24
mejor abogado penalista de córdoba argentina,70,23,0.66,59,0.59,,Ubersuggest match_keywords | Google autocomplete suggestions,Argentina,es,2026-09-24
abogado penalista carrera,50,36,0.52,74,0.74,,Ubersuggest match_keywords,Argentina,es,2026-09-24
abogado penalista cuánto cobra,50,23,0.925,57,0.58,,Ubersuggest match_keywords,Argentina,es,2026-09-24
abogado penalista de oficio,50,31,1.315,85,0.85,,Ubersuggest match_keywords,Argentina,es,2026-09-24
abogado penalista parana,50,28,1.08,48,0.48,,Ubersuggest match_keywords,Argentina,es,2026-09-24
abogado penalista que es,50,18,0.865,42,0.42,,Ubersuggest match_keywords,Argentina,es,2026-09-24
abogado penalista tucumán,50,24,0.27,35,0.35,,Ubersuggest match_keywords,Argentina,es,2026-09-24
cuánto gana un abogado penalista,50,6,0,1,0.01,,Ubersuggest match_keywords,Argentina,es,2026-09-24
que es abogado penalista,50,17,0.45,38,0.38,,Ubersuggest match_keywords,Argentina,es,2026-09-24
abogado penalista cuanto gana,40,6,0,2,0.02,,Ubersuggest match_keywords,Argentina,es,2026-09-24
abogado penalista empleos,40,15,0,6,0.06,,Ubersuggest match_keywords,Argentina,es,2026-09-24
abogado penalista quilmes,40,38,1,83,0.83,,Ubersuggest match_keywords,Argentina,es,2026-09-24
abogado penalista salta,40,25,0.595,39,0.39,,Ubersuggest match_keywords,Argentina,es,2026-09-24
abogado penalista san juan,40,21,0.22,51,0.51,,Ubersuggest match_keywords,Argentina,es,2026-09-24
abogado penalista zona norte,40,30,5.22,83,0.83,,Ubersuggest match_keywords,Argentina,es,2026-09-24
abogado penalista zona oeste,40,17,0.79,37,0.37,,Ubersuggest match_keywords,Argentina,es,2026-09-24
abogado penalista zona sur,40,3,2.485,94,0.94,,Ubersuggest match_keywords,Argentina,es,2026-09-24
mejor abogado penalista de mendoza,40,25,0.29,66,0.66,,Ubersuggest match_keywords,Argentina,es,2026-09-24
abogado penalista capital federal,30,26,1.7,68,0.68,,Ubersuggest match_keywords,Argentina,es,2026-09-24
abogado penalista concordia,30,31,0.26,57,0.58,,Ubersuggest match_keywords,Argentina,es,2026-09-24
abogado penalista empleo,30,18,0,15,0.15,,Ubersuggest match_keywords,Argentina,es,2026-09-24
abogado penalista en resistencia chaco,30,26,1.61,69,0.69,,Ubersuggest match_keywords,Argentina,es,2026-09-24
abogado penalista mediatico,30,32,1.81,62,0.62,,Ubersuggest match_keywords,Argentina,es,2026-09-24
abogado penalista trelew,30,29,0.385,51,0.51,,Ubersuggest match_keywords,Argentina,es,2026-09-24
abogado penalista urgente,30,26,1.775,43,0.43,,Ubersuggest match_keywords,Argentina,es,2026-09-24
que es ser abogado penalista,30,11,0,18,0.18,,Ubersuggest match_keywords,Argentina,es,2026-09-24
abogado penalista en cordoba capital,20,18,1.31,43,0.43,,Ubersuggest match_keywords | Google autocomplete suggestions,Argentina,es,2026-09-24
abogado penalista en salta,20,24,0.645,63,0.63,,Ubersuggest match_keywords,Argentina,es,2026-09-24
abogado penalista moron,20,43,1.43,97,0.97,,Ubersuggest match_keywords,Argentina,es,2026-09-24
abogado penalista san martin,20,32,4.405,89,0.89,,Ubersuggest match_keywords,Argentina,es,2026-09-24
abogado penalista trabajo,20,17,0,10,0.1,,Ubersuggest match_keywords,Argentina,es,2026-09-24
consulta abogado penalista gratis,20,31,1.04,85,0.85,,Ubersuggest match_keywords,Argentina,es,2026-09-24
honorarios abogado penalista,20,37,1.135,79,0.79,,Ubersuggest match_keywords,Argentina,es,2026-09-24
que significa abogado penalista,20,18,1.015,43,0.43,,Ubersuggest match_keywords,Argentina,es,2026-09-24
abogado penalista 24 horas,10,36,2.63,100,1,,Ubersuggest match_keywords,Argentina,es,2026-09-24
abogado penalista abierto ahora,10,28,4.595,75,0.75,,Ubersuggest match_keywords,Argentina,es,2026-09-24
abogado penalista antofagasta,10,13,0,1,0,,Ubersuggest match_keywords,Argentina,es,2026-09-24
abogado penalista asesinado,10,13,0,1,0,,Ubersuggest match_keywords,Argentina,es,2026-09-24
abogado penalista asturias,10,44,0,100,1,,Ubersuggest match_keywords,Argentina,es,2026-09-24
abogado penalista badajoz,10,13,0,1,0,,Ubersuggest match_keywords,Argentina,es,2026-09-24
abogado penalista barato,10,44,0,100,1,,Ubersuggest match_keywords,Argentina,es,2026-09-24
abogado penalista barcelona,10,36,0,76,0.76,,Ubersuggest match_keywords,Argentina,es,2026-09-24
abogado penalista bilbao,10,13,0,1,0,,Ubersuggest match_keywords,Argentina,es,2026-09-24
abogado penalista bolsa de trabajo,10,5,0,1,0,,Ubersuggest match_keywords,Argentina,es,2026-09-24
abogado penalista brandi,10,25,0.71,38,0.38,,Ubersuggest match_keywords,Argentina,es,2026-09-24
abogado penalista bucaramanga,10,13,0,1,0,,Ubersuggest match_keywords,Argentina,es,2026-09-24
abogado penalista cdmx,10,13,0,1,0,,Ubersuggest match_keywords,Argentina,es,2026-09-24
abogado penalista concepción,10,13,0,1,0,,Ubersuggest match_keywords,Argentina,es,2026-09-24
abogado penalista concepcion del uruguay,10,15,0,30,0.3,,Ubersuggest match_keywords,Argentina,es,2026-09-24
abogado penalista corrientes,10,22,0,28,0.29,,Ubersuggest match_keywords,Argentina,es,2026-09-24
abogado penalista de icardi,10,23,0,56,0.57,,Ubersuggest match_keywords,Argentina,es,2026-09-24
abogado penalista de que se encarga,10,18,0,43,0.43,,Ubersuggest match_keywords,Argentina,es,2026-09-24
abogado penalista defensor,10,44,0,100,1,,Ubersuggest match_keywords,Argentina,es,2026-09-24
abogado penalista definición,10,13,0,1,0,,Ubersuggest match_keywords,Argentina,es,2026-09-24
abogado penalista del estado,10,33,2.43,93,0.93,,Ubersuggest match_keywords,Argentina,es,2026-09-24
abogado penalista delitos economicos,10,5,0,1,0,,Ubersuggest match_keywords,Argentina,es,2026-09-24
abogado penalista drogas,10,39,0,86,0.86,,Ubersuggest match_keywords,Argentina,es,2026-09-24
abogado penalista ecuador,10,13,0,1,0,,Ubersuggest match_keywords,Argentina,es,2026-09-24
abogado penalista en,10,41,0,93,0.93,,Ubersuggest match_keywords,Argentina,es,2026-09-24
abogado penalista en alicante,10,30,0,81,0.81,,Ubersuggest match_keywords,Argentina,es,2026-09-24
abogado penalista en córdoba,10,24,1.91,62,0.62,,Ubersuggest match_keywords,Argentina,es,2026-09-24
abogado penalista en cordoba argentina,10,26,0.485,69,0.69,,Ubersuggest match_keywords | Google autocomplete suggestions | Google autocomplete questions | Google autocomplete prepositions | Google autocomplete comparisons,Argentina,es,2026-09-24
abogado penalista en jujuy,10,12,0,20,0.2,,Ubersuggest match_keywords,Argentina,es,2026-09-24
abogado penalista en lima,10,5,0,1,0,,Ubersuggest match_keywords,Argentina,es,2026-09-24
abogado penalista en zaragoza,10,5,0,1,0,,Ubersuggest match_keywords,Argentina,es,2026-09-24
abogado penalista españa,10,13,0,1,0,,Ubersuggest match_keywords,Argentina,es,2026-09-24
abogado penalista especialista en abusos sexuales,10,5,0,1,0,,Ubersuggest match_keywords,Argentina,es,2026-09-24
abogado penalista experto en delitos sexuales,10,5,0,1,0,,Ubersuggest match_keywords,Argentina,es,2026-09-24
abogado penalista fuenlabrada,10,13,0,1,0,,Ubersuggest match_keywords,Argentina,es,2026-09-24
abogado penalista granada,10,22,0,28,0.29,,Ubersuggest match_keywords,Argentina,es,2026-09-24
abogado penalista guadalajara,10,13,0,1,0,,Ubersuggest match_keywords,Argentina,es,2026-09-24
abogado penalista guatemala,10,13,0,1,0,,Ubersuggest match_keywords,Argentina,es,2026-09-24
abogado penalista honduras,10,13,0,1,0,,Ubersuggest match_keywords,Argentina,es,2026-09-24
abogado penalista junior,10,39,0,86,0.86,,Ubersuggest match_keywords,Argentina,es,2026-09-24
abogado penalista la paz bolivia,10,10,0,14,0.14,,Ubersuggest match_keywords,Argentina,es,2026-09-24
abogado penalista lima,10,29,0,50,0.5,,Ubersuggest match_keywords,Argentina,es,2026-09-24
abogado penalista medellin,10,13,0,1,0,,Ubersuggest match_keywords,Argentina,es,2026-09-24
abogado penalista monterrey,10,13,0,1,0,,Ubersuggest match_keywords,Argentina,es,2026-09-24
abogado penalista muerto,10,17,0,11,0.11,,Ubersuggest match_keywords,Argentina,es,2026-09-24
abogado penalista murcia,10,44,0,100,1,,Ubersuggest match_keywords,Argentina,es,2026-09-24
abogado penalista necochea,10,26,0.45,43,0.43,,Ubersuggest match_keywords,Argentina,es,2026-09-24
abogado penalista neuquén,10,22,0,28,0.29,,Ubersuggest match_keywords,Argentina,es,2026-09-24
abogado penalista oferta laboral,10,14,0,28,0.29,,Ubersuggest match_keywords,Argentina,es,2026-09-24
abogado penalista oviedo,10,13,0,1,0,,Ubersuggest match_keywords,Argentina,es,2026-09-24
abogado penalista palma,10,13,0,1,0,,Ubersuggest match_keywords,Argentina,es,2026-09-24
abogado penalista pilar,10,40,4.87,87,0.87,,Ubersuggest match_keywords,Argentina,es,2026-09-24
abogado penalista precio,10,37,0.995,77,0.77,,Ubersuggest match_keywords,Argentina,es,2026-09-24
abogado penalista rio cuarto,10,21,0.975,52,0.52,,Ubersuggest match_keywords,Argentina,es,2026-09-24
abogado penalista san fernando,10,15,0,32,0.32,,Ubersuggest match_keywords,Argentina,es,2026-09-24
abogado penalista san miguel,10,36,4.755,100,1,,Ubersuggest match_keywords,Argentina,es,2026-09-24
abogado penalista santiago,10,28,0,48,0.48,,Ubersuggest match_keywords,Argentina,es,2026-09-24
abogado penalista santiago talavera,10,5,0,1,0,,Ubersuggest match_keywords,Argentina,es,2026-09-24
abogado penalista sevilla,10,13,0,1,0,,Ubersuggest match_keywords,Argentina,es,2026-09-24
abogado penalista temuco,10,13,0,1,0,,Ubersuggest match_keywords,Argentina,es,2026-09-24
abogado penalista terrassa,10,13,0,1,0,,Ubersuggest match_keywords,Argentina,es,2026-09-24
abogado penalista vacante,10,13,0,1,0,,Ubersuggest match_keywords,Argentina,es,2026-09-24
abogado penalista valencia,10,13,0,1,0,,Ubersuggest match_keywords,Argentina,es,2026-09-24
abogado penalista venezuela,10,13,0,1,0,,Ubersuggest match_keywords,Argentina,es,2026-09-24
abogado penalista veracruz,10,13,0,1,0,,Ubersuggest match_keywords,Argentina,es,2026-09-24
abogado penalista viña del mar,10,5,0,1,0,,Ubersuggest match_keywords,Argentina,es,2026-09-24
abogado penalista wikipedia,10,13,0,1,0,,Ubersuggest match_keywords,Argentina,es,2026-09-24
abogado penalista y criminalista,10,14,0,28,0.29,,Ubersuggest match_keywords,Argentina,es,2026-09-24
abogado penalista zaragoza,10,13,0,1,0,,Ubersuggest match_keywords,Argentina,es,2026-09-24
como ser el mejor abogado penalista,10,31,0,86,0.86,,Ubersuggest match_keywords,Argentina,es,2026-09-24
como ser un buen abogado penalista,10,5,0,1,0,,Ubersuggest match_keywords,Argentina,es,2026-09-24
cual es el mejor abogado penalista de colombia,10,5,0,1,0,,Ubersuggest match_keywords,Argentina,es,2026-09-24
cuánto gana un abogado penalista en colombia,10,5,0,1,0,,Ubersuggest match_keywords,Argentina,es,2026-09-24
diferencia entre abogado penalista y civil,10,5,0,1,0,,Ubersuggest match_keywords,Argentina,es,2026-09-24
donde puede trabajar un abogado penalista,10,5,0,1,0,,Ubersuggest match_keywords,Argentina,es,2026-09-24
donde trabaja un abogado penalista,10,5,0,1,0,,Ubersuggest match_keywords,Argentina,es,2026-09-24
entrevista abogado penalista,10,13,0,1,0,,Ubersuggest match_keywords,Argentina,es,2026-09-24
mejor abogado penalista de españa,10,27,0,71,0.71,,Ubersuggest match_keywords,Argentina,es,2026-09-24
preguntas para un abogado penalista,10,5,0,1,0,,Ubersuggest match_keywords,Argentina,es,2026-09-24
que es un abogado penalista resumen,10,5,0,1,0,,Ubersuggest match_keywords,Argentina,es,2026-09-24
que hace un abogado penalista en mexico,10,5,0,1,0,,Ubersuggest match_keywords,Argentina,es,2026-09-24
quien es el mejor abogado penalista de colombia,10,5,0,1,0,,Ubersuggest match_keywords,Argentina,es,2026-09-24
ricardo moreno abogado penalista,10,13,0,24,0.24,,Ubersuggest match_keywords,Argentina,es,2026-09-24
trabajo para abogado penalista,10,6,0,1,0.01,,Ubersuggest match_keywords,Argentina,es,2026-09-24
un abogado penalista,10,33,0,66,0.66,,Ubersuggest match_keywords,Argentina,es,2026-09-24
abogado penal granada abogado penalista reseñas,0,4,0,1,0,,Ubersuggest match_keywords,Argentina,es,2026-09-24
abogado penalista 1a cita gratis,0,4,0,1,0,,Ubersuggest match_keywords,Argentina,es,2026-09-24
abogado penalista 24 hs,0,4,0,1,0,,Ubersuggest match_keywords,Argentina,es,2026-09-24
abogado penalista 24h,0,12,0,1,0,,Ubersuggest match_keywords,Argentina,es,2026-09-24
abogado penalista a comision,0,4,0,1,0,,Ubersuggest match_keywords,Argentina,es,2026-09-24
abogado penalista abril rico,0,4,0,1,0,,Ubersuggest match_keywords,Argentina,es,2026-09-24
abogado penalista abuso sexual,0,4,0,1,0,,Ubersuggest match_keywords,Argentina,es,2026-09-24
abogado penalista adrogue,0,12,0,1,0,,Ubersuggest match_keywords,Argentina,es,2026-09-24
abogado penalista aguilas,0,12,0,1,0,,Ubersuggest match_keywords,Argentina,es,2026-09-24
abogado penalista alajuela,0,12,0,1,0,,Ubersuggest match_keywords,Argentina,es,2026-09-24
abogado penalista alcala de henares,0,4,0,1,0,,Ubersuggest match_keywords,Argentina,es,2026-09-24
abogado penalista alcalá de henares,0,4,0,1,0,,Ubersuggest match_keywords,Argentina,es,2026-09-24
abogado penalista alcorcon,0,12,0,1,0,,Ubersuggest match_keywords,Argentina,es,2026-09-24
abogado penalista alta gracia,0,4,0,1,0,,Ubersuggest match_keywords,Argentina,es,2026-09-24
abogado penalista amenazado,0,12,0,1,0,,Ubersuggest match_keywords,Argentina,es,2026-09-24
abogado penalista ancud,0,12,0,1,0,,Ubersuggest match_keywords,Argentina,es,2026-09-24
abogado penalista andorra,0,12,0,1,0,,Ubersuggest match_keywords,Argentina,es,2026-09-24
abogado penalista andres jaramillo,0,4,0,1,0,,Ubersuggest match_keywords,Argentina,es,2026-09-24
abogado penalista años,0,12,0,1,0,,Ubersuggest match_keywords,Argentina,es,2026-09-24
abogado penalista arg tiktok,0,4,0,1,0,,Ubersuggest match_keywords,Argentina,es,2026-09-24
abogado penalista arganda del rey,0,4,0,1,0,,Ubersuggest match_keywords,Argentina,es,2026-09-24
abogado penalista argentino famoso,0,4,0,1,0,,Ubersuggest match_keywords,Argentina,es,2026-09-24
abogado penalista arica,0,12,0,1,0,,Ubersuggest match_keywords,Argentina,es,2026-09-24
abogado penalista armenia,0,12,0,1,0,,Ubersuggest match_keywords,Argentina,es,2026-09-24
abogado penalista asesinato,0,12,0,1,0,,Ubersuggest match_keywords,Argentina,es,2026-09-24
abogado penalista asesoría legal gratuita 24 horas,0,4,0,1,0,,Ubersuggest match_keywords,Argentina,es,2026-09-24
abogado penalista atacama,0,12,0,1,0,,Ubersuggest match_keywords,Argentina,es,2026-09-24
abogado penalista augusto lópez,0,4,0,1,0,,Ubersuggest match_keywords,Argentina,es,2026-09-24
abogado penalista avellaneda,0,12,0,1,0,,Ubersuggest match_keywords,Argentina,es,2026-09-24
abogado penalista badalona,0,12,0,1,0,,Ubersuggest match_keywords,Argentina,es,2026-09-24
abogado penalista balcarce,0,12,0,1,0,,Ubersuggest match_keywords,Argentina,es,2026-09-24
abogado penalista barato madrid,0,4,0,1,0,,Ubersuggest match_keywords,Argentina,es,2026-09-24
abogado penalista barcelona estafa,0,4,0,1,0,,Ubersuggest match_keywords,Argentina,es,2026-09-24
abogado penalista barcelona gratis,0,4,0,1,0,,Ubersuggest match_keywords,Argentina,es,2026-09-24
abogado penalista barcelona mejor valorados,0,4,0,1,0,,Ubersuggest match_keywords,Argentina,es,2026-09-24
abogado penalista barcelona visita gratis,0,4,0,1,0,,Ubersuggest match_keywords,Argentina,es,2026-09-24
abogado penalista bariloche,0,12,0,1,0,,Ubersuggest match_keywords,Argentina,es,2026-09-24
abogado penalista belgrano,0,12,0,1,0,,Ubersuggest match_keywords,Argentina,es,2026-09-24
abogado penalista berazategui,0,12,0,1,0,,Ubersuggest match_keywords,Argentina,es,2026-09-24
abogado penalista bogota,0,12,0,1,0,,Ubersuggest match_keywords,Argentina,es,2026-09-24
abogado penalista bragado,0,12,0,1,0,,Ubersuggest match_keywords,Argentina,es,2026-09-24
abogado penalista bs as,0,4,0,1,0,,Ubersuggest match_keywords,Argentina,es,2026-09-24
abogado penalista bueno,0,12,0,1,0,,Ubersuggest match_keywords,Argentina,es,2026-09-24
abogado penalista busqueda laboral,0,4,0,1,0,,Ubersuggest match_keywords,Argentina,es,2026-09-24
abogado penalista campana,0,12,0,1,0,,Ubersuggest match_keywords,Argentina,es,2026-09-24
abogado penalista cañada de gomez,0,4,0,1,0,,Ubersuggest match_keywords,Argentina,es,2026-09-24
abogado penalista carlos paz,0,4,0,1,0,,Ubersuggest match_keywords,Argentina,es,2026-09-24
abogado penalista casilda,0,12,0,1,0,,Ubersuggest match_keywords,Argentina,es,2026-09-24
abogado penalista castellón,0,12,0,1,0,,Ubersuggest match_keywords,Argentina,es,2026-09-24
abogado penalista catamarca,0,12,0,1,0,,Ubersuggest match_keywords,Argentina,es,2026-09-24
abogado penalista cerca,0,12,0,1,0,,Ubersuggest match_keywords,Argentina,es,2026-09-24
abogado penalista cerca de capital córdoba,0,4,0,1,0,,Ubersuggest match_keywords | Google autocomplete suggestions,Argentina,es,2026-09-24
abogado penalista cerca de mí,0,4,0,1,0,,Ubersuggest match_keywords,Argentina,es,2026-09-24
abogado penalista cerca de mi en español,0,4,0,1,0,,Ubersuggest match_keywords,Argentina,es,2026-09-24
abogado penalista cerca de san justo provincia de buenos aires,0,4,0,1,0,,Ubersuggest match_keywords,Argentina,es,2026-09-24
abogado penalista cerca de santiago de surco,0,4,0,1,0,,Ubersuggest match_keywords,Argentina,es,2026-09-24
abogado penalista cerca de villa mercedes san luis,0,4,0,1,0,,Ubersuggest match_keywords,Argentina,es,2026-09-24
abogado penalista chaco,0,12,0,1,0,,Ubersuggest match_keywords,Argentina,es,2026-09-24
abogado penalista chillan,0,12,0,1,0,,Ubersuggest match_keywords,Argentina,es,2026-09-24
abogado penalista cipolletti,0,12,0,1,0,,Ubersuggest match_keywords,Argentina,es,2026-09-24
abogado penalista comercial,0,12,0,1,0,,Ubersuggest match_keywords,Argentina,es,2026-09-24
abogado penalista comodoro rivadavia,0,4,0,1,0,,Ubersuggest match_keywords,Argentina,es,2026-09-24
abogado penalista con experiencia en delitos sexuales,0,4,0,1,0,,Ubersuggest match_keywords,Argentina,es,2026-09-24
abogado penalista convocatoria,0,12,0,1,0,,Ubersuggest match_keywords,Argentina,es,2026-09-24
abogado penalista copiapo,0,12,0,1,0,,Ubersuggest match_keywords,Argentina,es,2026-09-24
abogado penalista coquimbo,0,12,0,1,0,,Ubersuggest match_keywords,Argentina,es,2026-09-24
abogado penalista cordoba,0,12,0,1,0,,Ubersuggest match_keywords | Google autocomplete suggestions,Argentina,es,2026-09-24
abogado penalista cordoba capital,0,4,0,1,0,,Ubersuggest match_keywords | Google autocomplete suggestions | Google autocomplete prepositions | Google autocomplete comparisons,Argentina,es,2026-09-24
abogado penalista córdoba capital,0,4,0,1,0,,Ubersuggest match_keywords,Argentina,es,2026-09-24
abogado penalista córdoba córdoba,0,4,0,1,0,,Ubersuggest match_keywords | Google autocomplete suggestions | Google autocomplete questions | Google autocomplete prepositions | Google autocomplete comparisons,Argentina,es,2026-09-24
abogado penalista cordoba mejor valorados,0,4,0,1,0,,Ubersuggest match_keywords | Google autocomplete suggestions | Google autocomplete prepositions,Argentina,es,2026-09-24
abogado penalista córdoba opiniones,0,4,0,1,0,,Ubersuggest match_keywords | Google autocomplete suggestions | Google autocomplete questions | Google autocomplete comparisons,Argentina,es,2026-09-24
abogado penalista cordobes,0,12,0,1,0,,Ubersuggest match_keywords | Google autocomplete suggestions | Google autocomplete comparisons,Argentina,es,2026-09-24
abogado penalista cual es su funcion,0,4,0,1,0,,Ubersuggest match_keywords,Argentina,es,2026-09-24
abogado penalista culiacan,0,12,0,1,0,,Ubersuggest match_keywords,Argentina,es,2026-09-24
abogado penalista curico,0,12,0,1,0,,Ubersuggest match_keywords,Argentina,es,2026-09-24
abogado penalista david sans fotos,0,4,0,1,0,,Ubersuggest match_keywords,Argentina,es,2026-09-24
abogado penalista david sans reseñas,0,4,0,1,0,,Ubersuggest match_keywords,Argentina,es,2026-09-24
abogado penalista de,0,12,0,1,0,,Ubersuggest match_keywords,Argentina,es,2026-09-24
abogado penalista de adorni,0,4,0,1,0,,Ubersuggest match_keywords,Argentina,es,2026-09-24
abogado penalista de aldama,0,4,0,1,0,,Ubersuggest match_keywords,Argentina,es,2026-09-24
abogado penalista de barcelona,0,4,0,1,0,,Ubersuggest match_keywords,Argentina,es,2026-09-24
abogado penalista de buenos aires,0,4,0,1,0,,Ubersuggest match_keywords,Argentina,es,2026-09-24
abogado penalista de cordoba,0,4,0,1,0,,Ubersuggest match_keywords | Google autocomplete suggestions,Argentina,es,2026-09-24
abogado penalista de cristina kirchner,0,4,0,1,0,,Ubersuggest match_keywords,Argentina,es,2026-09-24
abogado penalista de dui en las vegas,0,4,0,1,0,,Ubersuggest match_keywords,Argentina,es,2026-09-24
abogado penalista de familia,0,4,0,1,0,,Ubersuggest match_keywords,Argentina,es,2026-09-24
abogado penalista de inmigración,0,4,0,1,0,,Ubersuggest match_keywords,Argentina,es,2026-09-24
abogado penalista de julio iglesias,0,4,0,1,0,,Ubersuggest match_keywords,Argentina,es,2026-09-24
abogado penalista de la plata,0,4,0,1,0,,Ubersuggest match_keywords,Argentina,es,2026-09-24
abogado penalista de mendoza,0,4,0,1,0,,Ubersuggest match_keywords,Argentina,es,2026-09-24
abogado penalista de menores,0,4,0,1,0,,Ubersuggest match_keywords,Argentina,es,2026-09-24
abogado penalista de quito,0,4,0,1,0,,Ubersuggest match_keywords,Argentina,es,2026-09-24
abogado penalista de salta,0,4,0,1,0,,Ubersuggest match_keywords,Argentina,es,2026-09-24
abogado penalista de santa fe,0,4,0,1,0,,Ubersuggest match_keywords,Argentina,es,2026-09-24
abogado penalista de transito,0,4,0,1,0,,Ubersuggest match_keywords,Argentina,es,2026-09-24
abogado penalista de wanda nara,0,4,0,1,0,,Ubersuggest match_keywords,Argentina,es,2026-09-24
abogado penalista delito contra propiedad,0,4,0,1,0,,Ubersuggest match_keywords,Argentina,es,2026-09-24
abogado penalista delito empresa,0,4,0,1,0,,Ubersuggest match_keywords,Argentina,es,2026-09-24
abogado penalista delito fiscal,0,4,0,1,0,,Ubersuggest match_keywords,Argentina,es,2026-09-24
abogado penalista delito grave,0,4,0,1,0,,Ubersuggest match_keywords,Argentina,es,2026-09-24
abogado penalista delito informatico,0,4,0,1,0,,Ubersuggest match_keywords,Argentina,es,2026-09-24
abogado penalista delito leve,0,4,0,1,0,,Ubersuggest match_keywords,Argentina,es,2026-09-24
abogado penalista delito penal,0,4,0,1,0,,Ubersuggest match_keywords,Argentina,es,2026-09-24
abogado penalista delito socio empresa,0,4,0,1,0,,Ubersuggest match_keywords,Argentina,es,2026-09-24
abogado penalista delitos abuso sexual,0,4,0,1,0,,Ubersuggest match_keywords,Argentina,es,2026-09-24
abogado penalista delitos contra las personas,0,4,0,1,0,,Ubersuggest match_keywords,Argentina,es,2026-09-24
abogado penalista delitos empresariales,0,4,0,1,0,,Ubersuggest match_keywords,Argentina,es,2026-09-24
abogado penalista delitos informaticos,0,4,0,1,0,,Ubersuggest match_keywords,Argentina,es,2026-09-24
abogado penalista delitos menores,0,4,0,1,0,,Ubersuggest match_keywords,Argentina,es,2026-09-24
abogado penalista delitos sexuales vitacura,0,4,0,1,0,,Ubersuggest match_keywords,Argentina,es,2026-09-24
abogado penalista delitos societarios,0,4,0,1,0,,Ubersuggest match_keywords,Argentina,es,2026-09-24
abogado penalista denia,0,12,0,1,0,,Ubersuggest match_keywords,Argentina,es,2026-09-24
abogado penalista detenido,0,12,0,1,0,,Ubersuggest match_keywords | Google autocomplete suggestions,Argentina,es,2026-09-24
abogado penalista dibujo,0,12,0,1,0,,Ubersuggest match_keywords,Argentina,es,2026-09-24
abogado penalista diego,0,12,0,1,0,,Ubersuggest match_keywords,Argentina,es,2026-09-24
abogado penalista donde estudiar,0,4,0,1,0,,Ubersuggest match_keywords,Argentina,es,2026-09-24
abogado penalista dos hermanas,0,4,0,1,0,,Ubersuggest match_keywords,Argentina,es,2026-09-24
abogado penalista edgar martinez,0,4,0,1,0,,Ubersuggest match_keywords,Argentina,es,2026-09-24
abogado penalista eeuu,0,12,0,1,0,,Ubersuggest match_keywords,Argentina,es,2026-09-24
abogado penalista elmer enrique baumgartner,0,4,0,1,0,,Ubersuggest match_keywords,Argentina,es,2026-09-24
abogado penalista en argentina,0,4,0,1,0,,Ubersuggest match_keywords,Argentina,es,2026-09-24
abogado penalista en bahia blanca,0,4,0,1,0,,Ubersuggest match_keywords,Argentina,es,2026-09-24
abogado penalista en caba,0,4,0,1,0,,Ubersuggest match_keywords,Argentina,es,2026-09-24
abogado penalista en carlos paz,0,4,0,1,0,,Ubersuggest match_keywords,Argentina,es,2026-09-24
abogado penalista en chillan,0,4,0,1,0,,Ubersuggest match_keywords,Argentina,es,2026-09-24
abogado penalista en cordoba,0,4,0,1,0,,Ubersuggest match_keywords | Google autocomplete suggestions,Argentina,es,2026-09-24
abogado penalista en córdoba argentina,0,4,0,1,0,,Ubersuggest match_keywords,Argentina,es,2026-09-24
abogado penalista en córdoba capital,0,4,0,1,0,,Ubersuggest match_keywords,Argentina,es,2026-09-24
abogado penalista en cordoba veracruz,0,4,0,1,0,,Ubersuggest match_keywords | Google autocomplete suggestions | Google autocomplete prepositions,Argentina,es,2026-09-24
abogado penalista en corrientes capital,0,4,0,1,0,,Ubersuggest match_keywords,Argentina,es,2026-09-24
abogado penalista en costa rica castillo,0,4,0,1,0,,Ubersuggest match_keywords,Argentina,es,2026-09-24
abogado penalista en florencio varela,0,4,0,1,0,,Ubersuggest match_keywords,Argentina,es,2026-09-24
abogado penalista en junin,0,4,0,1,0,,Ubersuggest match_keywords,Argentina,es,2026-09-24
abogado penalista en la plata,0,4,0,1,0,,Ubersuggest match_keywords,Argentina,es,2026-09-24
abogado penalista en lujan,0,4,0,1,0,,Ubersuggest match_keywords,Argentina,es,2026-09-24
abogado penalista en málaga,0,4,0,1,0,,Ubersuggest match_keywords,Argentina,es,2026-09-24
abogado penalista en mercedes,0,4,0,1,0,,Ubersuggest match_keywords,Argentina,es,2026-09-24
abogado penalista en monte grande,0,4,0,1,0,,Ubersuggest match_keywords,Argentina,es,2026-09-24
abogado penalista en moreno,0,4,0,1,0,,Ubersuggest match_keywords,Argentina,es,2026-09-24
abogado penalista en moron,0,4,0,1,0,,Ubersuggest match_keywords,Argentina,es,2026-09-24
abogado penalista en narcotráfico,0,4,0,1,0,,Ubersuggest match_keywords,Argentina,es,2026-09-24
abogado penalista en neuquen,0,4,0,1,0,,Ubersuggest match_keywords,Argentina,es,2026-09-24
abogado penalista en orlando florida,0,4,0,1,0,,Ubersuggest match_keywords,Argentina,es,2026-09-24
abogado penalista en pilar,0,4,0,1,0,,Ubersuggest match_keywords,Argentina,es,2026-09-24
abogado penalista en posadas misiones,0,4,0,1,0,,Ubersuggest match_keywords,Argentina,es,2026-09-24
abogado penalista en rafaela,0,4,0,1,0,,Ubersuggest match_keywords,Argentina,es,2026-09-24
abogado penalista en salta capital,0,4,0,1,0,,Ubersuggest match_keywords,Argentina,es,2026-09-24
abogado penalista en san miguel,0,4,0,1,0,,Ubersuggest match_keywords,Argentina,es,2026-09-24
abogado penalista en santiago del estero,0,4,0,1,0,,Ubersuggest match_keywords,Argentina,es,2026-09-24
abogado penalista en seattle washington,0,4,0,1,0,,Ubersuggest match_keywords,Argentina,es,2026-09-24
abogado penalista en situacion de calle,0,4,0,1,0,,Ubersuggest match_keywords,Argentina,es,2026-09-24
abogado penalista en tn,0,4,0,1,0,,Ubersuggest match_keywords,Argentina,es,2026-09-24
abogado penalista en tres arroyos,0,4,0,1,0,,Ubersuggest match_keywords,Argentina,es,2026-09-24
abogado penalista en varela,0,4,0,1,0,,Ubersuggest match_keywords,Argentina,es,2026-09-24
abogado penalista en vilanova,0,4,0,1,0,,Ubersuggest match_keywords,Argentina,es,2026-09-24
abogado penalista en villa carlos paz,0,4,0,1,0,,Ubersuggest match_keywords,Argentina,es,2026-09-24
abogado penalista en washington,0,4,0,1,0,,Ubersuggest match_keywords,Argentina,es,2026-09-24
abogado penalista en zarate,0,4,0,1,0,,Ubersuggest match_keywords,Argentina,es,2026-09-24
abogado penalista erik rauda,0,4,0,1,0,,Ubersuggest match_keywords,Argentina,es,2026-09-24
abogado penalista especialista en delitos sexuales,0,4,0,1,0,,Ubersuggest match_keywords,Argentina,es,2026-09-24
abogado penalista especialista en violencia de genero,0,4,0,1,0,,Ubersuggest match_keywords,Argentina,es,2026-09-24
abogado penalista estados unidos,0,4,0,1,0,,Ubersuggest match_keywords,Argentina,es,2026-09-24
abogado penalista estafa empresa,0,4,0,1,0,,Ubersuggest match_keywords,Argentina,es,2026-09-24
abogado penalista estafa socio,0,4,0,1,0,,Ubersuggest match_keywords,Argentina,es,2026-09-24
abogado penalista estudio uribe y asocs gonzalo uribe gil valparaíso,0,4,0,1,0,,Ubersuggest match_keywords,Argentina,es,2026-09-24
abogado penalista ex fiscal,0,4,0,1,0,,Ubersuggest match_keywords,Argentina,es,2026-09-24
abogado penalista fagundez,0,12,0,1,0,,Ubersuggest match_keywords,Argentina,es,2026-09-24
abogado penalista fallecido,0,12,0,1,0,,Ubersuggest match_keywords,Argentina,es,2026-09-24
abogado penalista familiar,0,12,0,1,0,,Ubersuggest match_keywords,Argentina,es,2026-09-24
abogado penalista famoso argentino,0,4,0,1,0,,Ubersuggest match_keywords,Argentina,es,2026-09-24
abogado penalista famoso en colombia,0,4,0,1,0,,Ubersuggest match_keywords,Argentina,es,2026-09-24
abogado penalista favio posca,0,4,0,1,0,,Ubersuggest match_keywords,Argentina,es,2026-09-24
abogado penalista fc,0,12,0,1,0,,Ubersuggest match_keywords,Argentina,es,2026-09-24
abogado penalista felipe rodriguez,0,4,0,1,0,,Ubersuggest match_keywords,Argentina,es,2026-09-24
abogado penalista fiscal,0,12,0,1,0,,Ubersuggest match_keywords,Argentina,es,2026-09-24
abogado penalista formosa,0,12,0,1,0,,Ubersuggest match_keywords,Argentina,es,2026-09-24
abogado penalista fotos,0,12,0,1,0,,Ubersuggest match_keywords,Argentina,es,2026-09-24
abogado penalista francisco bernate,0,4,0,1,0,,Ubersuggest match_keywords,Argentina,es,2026-09-24
abogado penalista francisco gonzalez,0,4,0,1,0,,Ubersuggest match_keywords,Argentina,es,2026-09-24
abogado penalista frases,0,12,0,1,0,,Ubersuggest match_keywords,Argentina,es,2026-09-24
abogado penalista fraude fiscal,0,4,0,1,0,,Ubersuggest match_keywords,Argentina,es,2026-09-24
abogado penalista fraude hacienda,0,4,0,1,0,,Ubersuggest match_keywords,Argentina,es,2026-09-24
abogado penalista fraude tributario,0,4,0,1,0,,Ubersuggest match_keywords,Argentina,es,2026-09-24
abogado penalista fraude tributos,0,4,0,1,0,,Ubersuggest match_keywords,Argentina,es,2026-09-24
abogado penalista fuengirola,0,12,0,1,0,,Ubersuggest match_keywords,Argentina,es,2026-09-24
abogado penalista funcion,0,12,0,1,0,,Ubersuggest match_keywords,Argentina,es,2026-09-24
abogado penalista gandia,0,12,0,1,0,,Ubersuggest match_keywords,Argentina,es,2026-09-24
abogado penalista gava,0,12,0,1,0,,Ubersuggest match_keywords,Argentina,es,2026-09-24
abogado penalista gran canaria,0,4,0,1,0,,Ubersuggest match_keywords,Argentina,es,2026-09-24
abogado penalista granada mejor valorados,0,4,0,1,0,,Ubersuggest match_keywords,Argentina,es,2026-09-24
abogado penalista gratis en capital federal,0,4,0,1,0,,Ubersuggest match_keywords,Argentina,es,2026-09-24
abogado penalista gratis madrid,0,4,0,1,0,,Ubersuggest match_keywords,Argentina,es,2026-09-24
abogado penalista gratis provincia de buenos aires,0,4,0,1,0,,Ubersuggest match_keywords,Argentina,es,2026-09-24
abogado penalista guadalajara españa,0,4,0,1,0,,Ubersuggest match_keywords,Argentina,es,2026-09-24
abogado penalista gualeguaychu,0,12,0,1,0,,Ubersuggest match_keywords,Argentina,es,2026-09-24
abogado penalista gualeguaychú,0,12,0,1,0,,Ubersuggest match_keywords,Argentina,es,2026-09-24
abogado penalista guanajuato,0,12,0,1,0,,Ubersuggest match_keywords,Argentina,es,2026-09-24
abogado penalista gurgitano,0,12,0,1,0,,Ubersuggest match_keywords,Argentina,es,2026-09-24
abogado penalista heredia,0,12,0,1,0,,Ubersuggest match_keywords,Argentina,es,2026-09-24
abogado penalista hermosillo,0,12,0,1,0,,Ubersuggest match_keywords,Argentina,es,2026-09-24
abogado penalista herrera,0,12,0,1,0,,Ubersuggest match_keywords,Argentina,es,2026-09-24
abogado penalista horizonte,0,12,0,1,0,,Ubersuggest match_keywords,Argentina,es,2026-09-24
abogado penalista hospitalet,0,12,0,1,0,,Ubersuggest match_keywords,Argentina,es,2026-09-24
abogado penalista hospitalet de llobregat,0,4,0,1,0,,Ubersuggest match_keywords,Argentina,es,2026-09-24
abogado penalista houston,0,12,0,1,0,,Ubersuggest match_keywords,Argentina,es,2026-09-24
abogado penalista houston tx,0,4,0,1,0,,Ubersuggest match_keywords,Argentina,es,2026-09-24
abogado penalista huancayo,0,12,0,1,0,,Ubersuggest match_keywords,Argentina,es,2026-09-24
abogado penalista huaraz,0,12,0,1,0,,Ubersuggest match_keywords,Argentina,es,2026-09-24
abogado penalista huechuraba,0,12,0,1,0,,Ubersuggest match_keywords,Argentina,es,2026-09-24
abogado penalista huesca,0,12,0,1,0,,Ubersuggest match_keywords,Argentina,es,2026-09-24
abogado penalista hugo,0,12,0,1,0,,Ubersuggest match_keywords,Argentina,es,2026-09-24
abogado penalista hurlingham,0,12,0,1,0,,Ubersuggest match_keywords,Argentina,es,2026-09-24
abogado penalista ibague,0,12,0,1,0,,Ubersuggest match_keywords,Argentina,es,2026-09-24
abogado penalista ibague experto,0,4,0,1,0,,Ubersuggest match_keywords,Argentina,es,2026-09-24
abogado penalista ibague experto yook3,0,4,0,1,0,,Ubersuggest match_keywords,Argentina,es,2026-09-24
abogado penalista ibarra,0,12,0,1,0,,Ubersuggest match_keywords,Argentina,es,2026-09-24
abogado penalista ica,0,12,0,1,0,,Ubersuggest match_keywords,Argentina,es,2026-09-24
abogado penalista ignacio,0,12,0,1,0,,Ubersuggest match_keywords,Argentina,es,2026-09-24
abogado penalista igualada,0,12,0,1,0,,Ubersuggest match_keywords,Argentina,es,2026-09-24
abogado penalista ilan,0,12,0,1,0,,Ubersuggest match_keywords,Argentina,es,2026-09-24
abogado penalista independiente,0,12,0,1,0,,Ubersuggest match_keywords,Argentina,es,2026-09-24
abogado penalista ingles,0,12,0,1,0,,Ubersuggest match_keywords,Argentina,es,2026-09-24
abogado penalista instagram,0,12,0,1,0,,Ubersuggest match_keywords,Argentina,es,2026-09-24
abogado penalista internacional,0,12,0,1,0,,Ubersuggest match_keywords,Argentina,es,2026-09-24
abogado penalista irapuato,0,12,0,1,0,,Ubersuggest match_keywords,Argentina,es,2026-09-24
abogado penalista irun,0,12,0,1,0,,Ubersuggest match_keywords,Argentina,es,2026-09-24
abogado penalista ituzaingo,0,12,0,1,0,,Ubersuggest match_keywords,Argentina,es,2026-09-24
abogado penalista iván cancino,0,4,0,1,0,,Ubersuggest match_keywords,Argentina,es,2026-09-24
abogado penalista jaime campaner,0,4,0,1,0,,Ubersuggest match_keywords,Argentina,es,2026-09-24
abogado penalista jalisco,0,12,0,1,0,,Ubersuggest match_keywords,Argentina,es,2026-09-24
abogado penalista james rodriguez,0,4,0,1,0,,Ubersuggest match_keywords,Argentina,es,2026-09-24
abogado penalista jerez de la frontera,0,4,0,1,0,,Ubersuggest match_keywords,Argentina,es,2026-09-24
abogado penalista jesus estrada ferreiro,0,4,0,1,0,,Ubersuggest match_keywords,Argentina,es,2026-09-24
abogado penalista jorge albertini,0,4,0,1,0,,Ubersuggest match_keywords,Argentina,es,2026-09-24
abogado penalista jorge fernández,0,4,0,1,0,,Ubersuggest match_keywords,Argentina,es,2026-09-24
abogado penalista josé antonio choclan,0,4,0,1,0,,Ubersuggest match_keywords,Argentina,es,2026-09-24
abogado penalista jose c paz,0,4,0,1,0,,Ubersuggest match_keywords,Argentina,es,2026-09-24
abogado penalista jose carlos de la fuente hernandez,0,4,0,1,0,,Ubersuggest match_keywords,Argentina,es,2026-09-24
abogado penalista jose luis lopez,0,4,0,1,0,,Ubersuggest match_keywords,Argentina,es,2026-09-24
abogado penalista josé manuel rivero,0,4,0,1,0,,Ubersuggest match_keywords,Argentina,es,2026-09-24
abogado penalista jr,0,12,0,1,0,,Ubersuggest match_keywords,Argentina,es,2026-09-24
abogado penalista juan,0,12,0,1,0,,Ubersuggest match_keywords,Argentina,es,2026-09-24
abogado penalista juan carlos,0,4,0,1,0,,Ubersuggest match_keywords,Argentina,es,2026-09-24
abogado penalista juan hernandez,0,4,0,1,0,,Ubersuggest match_keywords,Argentina,es,2026-09-24
abogado penalista juan montenegro,0,4,0,1,0,,Ubersuggest match_keywords,Argentina,es,2026-09-24
abogado penalista jujuy,0,12,0,1,0,,Ubersuggest match_keywords,Argentina,es,2026-09-24
abogado penalista juliaca,0,12,0,1,0,,Ubersuggest match_keywords,Argentina,es,2026-09-24
abogado penalista julio iglesias,0,4,0,1,0,,Ubersuggest match_keywords,Argentina,es,2026-09-24
abogado penalista julio rodriguez,0,4,0,1,0,,Ubersuggest match_keywords,Argentina,es,2026-09-24
abogado penalista junin,0,12,0,1,0,,Ubersuggest match_keywords,Argentina,es,2026-09-24
abogado penalista junior trabajo,0,4,0,1,0,,Ubersuggest match_keywords,Argentina,es,2026-09-24
abogado penalista kurt,0,12,0,1,0,,Ubersuggest match_keywords,Argentina,es,2026-09-24
abogado penalista la florida,0,4,0,1,0,,Ubersuggest match_keywords,Argentina,es,2026-09-24
abogado penalista la paz bcs,0,4,0,1,0,,Ubersuggest match_keywords,Argentina,es,2026-09-24
abogado penalista lanus,0,12,0,1,0,,Ubersuggest match_keywords,Argentina,es,2026-09-24
abogado penalista lanzarote,0,12,0,1,0,,Ubersuggest match_keywords,Argentina,es,2026-09-24
abogado penalista las 24 horas,0,4,0,1,0,,Ubersuggest match_keywords,Argentina,es,2026-09-24
abogado penalista las condes,0,4,0,1,0,,Ubersuggest match_keywords,Argentina,es,2026-09-24
abogado penalista leganes,0,12,0,1,0,,Ubersuggest match_keywords,Argentina,es,2026-09-24
abogado penalista ley 20000,0,4,0,1,0,,Ubersuggest match_keywords,Argentina,es,2026-09-24
abogado penalista liberia,0,12,0,1,0,,Ubersuggest match_keywords,Argentina,es,2026-09-24
abogado penalista lima peru,0,4,0,1,0,,Ubersuggest match_keywords,Argentina,es,2026-09-24
abogado penalista linares,0,12,0,1,0,,Ubersuggest match_keywords,Argentina,es,2026-09-24
abogado penalista litigante,0,12,0,1,0,,Ubersuggest match_keywords,Argentina,es,2026-09-24
abogado penalista loja,0,12,0,1,0,,Ubersuggest match_keywords,Argentina,es,2026-09-24
abogado penalista los andes,0,4,0,1,0,,Ubersuggest match_keywords,Argentina,es,2026-09-24
abogado penalista los angeles,0,4,0,1,0,,Ubersuggest match_keywords,Argentina,es,2026-09-24
abogado penalista los cabos,0,4,0,1,0,,Ubersuggest match_keywords,Argentina,es,2026-09-24
abogado penalista lugo,0,12,0,1,0,,Ubersuggest match_keywords,Argentina,es,2026-09-24
abogado penalista luis estuardo alarcon diaz,0,4,0,1,0,,Ubersuggest match_keywords,Argentina,es,2026-09-24
abogado penalista madrid precio,0,4,0,1,0,,Ubersuggest match_keywords,Argentina,es,2026-09-24
abogado penalista madrid urgencia,0,4,0,1,0,,Ubersuggest match_keywords,Argentina,es,2026-09-24
abogado penalista malaga,0,12,0,1,0,,Ubersuggest match_keywords,Argentina,es,2026-09-24
abogado penalista marbella,0,12,0,1,0,,Ubersuggest match_keywords,Argentina,es,2026-09-24
abogado penalista marcelo biondi,0,4,0,1,0,,Ubersuggest match_keywords,Argentina,es,2026-09-24
abogado penalista margara,0,12,0,1,0,,Ubersuggest match_keywords,Argentina,es,2026-09-24
abogado penalista mataró,0,12,0,1,0,,Ubersuggest match_keywords,Argentina,es,2026-09-24
abogado penalista materias,0,12,0,1,0,,Ubersuggest match_keywords,Argentina,es,2026-09-24
abogado penalista matías ledesma,0,4,0,1,0,,Ubersuggest match_keywords,Argentina,es,2026-09-24
abogado penalista mdp,0,12,0,1,0,,Ubersuggest match_keywords,Argentina,es,2026-09-24
abogado penalista mediático,0,12,0,1,0,,Ubersuggest match_keywords,Argentina,es,2026-09-24
abogado penalista melilla,0,12,0,1,0,,Ubersuggest match_keywords,Argentina,es,2026-09-24
abogado penalista merlo,0,12,0,1,0,,Ubersuggest match_keywords,Argentina,es,2026-09-24
abogado penalista mexicali,0,12,0,1,0,,Ubersuggest match_keywords,Argentina,es,2026-09-24
abogado penalista mondoñedo salud publica,0,4,0,1,0,,Ubersuggest match_keywords,Argentina,es,2026-09-24
abogado penalista monte grande,0,4,0,1,0,,Ubersuggest match_keywords,Argentina,es,2026-09-24
abogado penalista moreno,0,12,0,1,0,,Ubersuggest match_keywords,Argentina,es,2026-09-24
abogado penalista muerto en santa fe,0,4,0,1,0,,Ubersuggest match_keywords,Argentina,es,2026-09-24
abogado penalista nakazaki,0,12,0,1,0,,Ubersuggest match_keywords,Argentina,es,2026-09-24
abogado penalista naucalpan,0,12,0,1,0,,Ubersuggest match_keywords,Argentina,es,2026-09-24
abogado penalista navarra,0,12,0,1,0,,Ubersuggest match_keywords,Argentina,es,2026-09-24
abogado penalista nayi,0,12,0,1,0,,Ubersuggest match_keywords,Argentina,es,2026-09-24
abogado penalista neiva,0,12,0,1,0,,Ubersuggest match_keywords,Argentina,es,2026-09-24
abogado penalista neuquen capital,0,4,0,1,0,,Ubersuggest match_keywords,Argentina,es,2026-09-24
abogado penalista new york,0,4,0,1,0,,Ubersuggest match_keywords,Argentina,es,2026-09-24
abogado penalista nezahualcoyotl,0,12,0,1,0,,Ubersuggest match_keywords,Argentina,es,2026-09-24
abogado penalista nicaragua,0,12,0,1,0,,Ubersuggest match_keywords,Argentina,es,2026-09-24
abogado penalista nicolas,0,12,0,1,0,,Ubersuggest match_keywords,Argentina,es,2026-09-24
abogado penalista nuevo laredo,0,4,0,1,0,,Ubersuggest match_keywords,Argentina,es,2026-09-24
abogado penalista nuevo leon,0,4,0,1,0,,Ubersuggest match_keywords,Argentina,es,2026-09-24
abogado penalista numero,0,12,0,1,0,,Ubersuggest match_keywords,Argentina,es,2026-09-24
abogado penalista nunoa,0,12,0,1,0,,Ubersuggest match_keywords,Argentina,es,2026-09-24
abogado penalista o,0,12,0,1,0,,Ubersuggest match_keywords,Argentina,es,2026-09-24
abogado penalista o abogado penal,0,4,0,1,0,,Ubersuggest match_keywords,Argentina,es,2026-09-24
abogado penalista o civil,0,4,0,1,0,,Ubersuggest match_keywords,Argentina,es,2026-09-24
abogado penalista oaxaca,0,12,0,1,0,,Ubersuggest match_keywords,Argentina,es,2026-09-24
abogado penalista oferta,0,12,0,1,0,,Ubersuggest match_keywords,Argentina,es,2026-09-24
abogado penalista oferta de trabajo,0,4,0,1,0,,Ubersuggest match_keywords,Argentina,es,2026-09-24
abogado penalista oferta empleo,0,4,0,1,0,,Ubersuggest match_keywords,Argentina,es,2026-09-24
abogado penalista oferta trabajo,0,4,0,1,0,,Ubersuggest match_keywords,Argentina,es,2026-09-24
abogado penalista olavarria,0,12,0,1,0,,Ubersuggest match_keywords,Argentina,es,2026-09-24
abogado penalista oliva,0,12,0,1,0,,Ubersuggest match_keywords,Argentina,es,2026-09-24
abogado penalista oneto,0,12,0,1,0,,Ubersuggest match_keywords,Argentina,es,2026-09-24
abogado penalista online,0,12,0,1,0,,Ubersuggest match_keywords,Argentina,es,2026-09-24
abogado penalista online gratis,0,4,0,1,0,,Ubersuggest match_keywords,Argentina,es,2026-09-24
abogado penalista orizaba,0,12,0,1,0,,Ubersuggest match_keywords,Argentina,es,2026-09-24
abogado penalista orlando,0,12,0,1,0,,Ubersuggest match_keywords,Argentina,es,2026-09-24
abogado penalista oroño,0,12,0,1,0,,Ubersuggest match_keywords,Argentina,es,2026-09-24
abogado penalista ourense,0,12,0,1,0,,Ubersuggest match_keywords,Argentina,es,2026-09-24
abogado penalista ovalle,0,12,0,1,0,,Ubersuggest match_keywords,Argentina,es,2026-09-24
abogado penalista oviedo alfonso coronas fotos,0,4,0,1,0,,Ubersuggest match_keywords,Argentina,es,2026-09-24
abogado penalista pablo quiroga,0,4,0,1,0,,Ubersuggest match_keywords,Argentina,es,2026-09-24
abogado penalista pacheco,0,12,0,1,0,,Ubersuggest match_keywords,Argentina,es,2026-09-24
abogado penalista pachuca,0,12,0,1,0,,Ubersuggest match_keywords,Argentina,es,2026-09-24
abogado penalista para menores de edad,0,4,0,1,0,,Ubersuggest match_keywords,Argentina,es,2026-09-24
abogado penalista para que es,0,4,0,1,0,,Ubersuggest match_keywords,Argentina,es,2026-09-24
abogado penalista para que sirve,0,4,0,1,0,,Ubersuggest match_keywords,Argentina,es,2026-09-24
abogado penalista particular,0,12,0,1,0,,Ubersuggest match_keywords,Argentina,es,2026-09-24
abogado penalista pelicula completa en español,0,4,0,1,0,,Ubersuggest match_keywords,Argentina,es,2026-09-24
abogado penalista pereira,0,12,0,1,0,,Ubersuggest match_keywords,Argentina,es,2026-09-24
abogado penalista pergamino,0,12,0,1,0,,Ubersuggest match_keywords,Argentina,es,2026-09-24
abogado penalista pinamar,0,12,0,1,0,,Ubersuggest match_keywords,Argentina,es,2026-09-24
abogado penalista piura,0,12,0,1,0,,Ubersuggest match_keywords,Argentina,es,2026-09-24
abogado penalista podcast,0,12,0,1,0,,Ubersuggest match_keywords,Argentina,es,2026-09-24
abogado penalista policia,0,12,0,1,0,,Ubersuggest match_keywords,Argentina,es,2026-09-24
abogado penalista por estafa,0,4,0,1,0,,Ubersuggest match_keywords,Argentina,es,2026-09-24
abogado penalista posadas,0,12,0,1,0,,Ubersuggest match_keywords,Argentina,es,2026-09-24
abogado penalista posadas misiones,0,4,0,1,0,,Ubersuggest match_keywords,Argentina,es,2026-09-24
abogado penalista preso,0,12,0,1,0,,Ubersuggest match_keywords,Argentina,es,2026-09-24
abogado penalista primera consulta gratis,0,4,0,1,0,,Ubersuggest match_keywords,Argentina,es,2026-09-24
abogado penalista providencia,0,12,0,1,0,,Ubersuggest match_keywords,Argentina,es,2026-09-24
abogado penalista publico,0,12,0,1,0,,Ubersuggest match_keywords,Argentina,es,2026-09-24
abogado penalista puerto madryn,0,4,0,1,0,,Ubersuggest match_keywords,Argentina,es,2026-09-24
abogado penalista puerto montt facebook,0,4,0,1,0,,Ubersuggest match_keywords,Argentina,es,2026-09-24
abogado penalista puerto varas,0,4,0,1,0,,Ubersuggest match_keywords,Argentina,es,2026-09-24
abogado penalista punta alta,0,4,0,1,0,,Ubersuggest match_keywords,Argentina,es,2026-09-24
abogado penalista punta arenas,0,4,0,1,0,,Ubersuggest match_keywords,Argentina,es,2026-09-24
abogado penalista que defiende,0,4,0,1,0,,Ubersuggest match_keywords,Argentina,es,2026-09-24
abogado penalista que habla español,0,4,0,1,0,,Ubersuggest match_keywords,Argentina,es,2026-09-24
abogado penalista que hable español,0,4,0,1,0,,Ubersuggest match_keywords,Argentina,es,2026-09-24
abogado penalista qué significa,0,4,0,1,0,,Ubersuggest match_keywords,Argentina,es,2026-09-24
abogado penalista que trata,0,4,0,1,0,,Ubersuggest match_keywords,Argentina,es,2026-09-24
abogado penalista que ve,0,4,0,1,0,,Ubersuggest match_keywords,Argentina,es,2026-09-24
abogado penalista querellante,0,12,0,1,0,,Ubersuggest match_keywords,Argentina,es,2026-09-24
abogado penalista quillota,0,12,0,1,0,,Ubersuggest match_keywords,Argentina,es,2026-09-24
abogado penalista quilpue,0,12,0,1,0,,Ubersuggest match_keywords,Argentina,es,2026-09-24
abogado penalista quinta region,0,4,0,1,0,,Ubersuggest match_keywords,Argentina,es,2026-09-24
abogado penalista quito ecuador,0,4,0,1,0,,Ubersuggest match_keywords,Argentina,es,2026-09-24
abogado penalista rafaela,0,12,0,1,0,,Ubersuggest match_keywords,Argentina,es,2026-09-24
abogado penalista recomendado,0,12,0,1,0,,Ubersuggest match_keywords,Argentina,es,2026-09-24
abogado penalista reconocido,0,12,0,1,0,,Ubersuggest match_keywords,Argentina,es,2026-09-24
abogado penalista reddit,0,12,0,1,0,,Ubersuggest match_keywords,Argentina,es,2026-09-24
abogado penalista region araucania,0,4,0,1,0,,Ubersuggest match_keywords,Argentina,es,2026-09-24
abogado penalista region auracania,0,4,0,1,0,,Ubersuggest match_keywords,Argentina,es,2026-09-24
abogado penalista rene herrera,0,4,0,1,0,,Ubersuggest match_keywords,Argentina,es,2026-09-24
abogado penalista resistencia chaco,0,4,0,1,0,,Ubersuggest match_keywords,Argentina,es,2026-09-24
abogado penalista reus,0,12,0,1,0,,Ubersuggest match_keywords,Argentina,es,2026-09-24
abogado penalista reynosa,0,12,0,1,0,,Ubersuggest match_keywords,Argentina,es,2026-09-24
abogado penalista ricardo moreno,0,4,0,1,0,,Ubersuggest match_keywords,Argentina,es,2026-09-24
abogado penalista rio gallegos,0,4,0,1,0,,Ubersuggest match_keywords,Argentina,es,2026-09-24
abogado penalista rio grande,0,4,0,1,0,,Ubersuggest match_keywords,Argentina,es,2026-09-24
abogado penalista ripollet,0,12,0,1,0,,Ubersuggest match_keywords,Argentina,es,2026-09-24
abogado penalista rodriguez,0,12,0,1,0,,Ubersuggest match_keywords,Argentina,es,2026-09-24
abogado penalista rosario fotos,0,4,0,1,0,,Ubersuggest match_keywords,Argentina,es,2026-09-24
abogado penalista rosario rosario santa fe,0,4,0,1,0,,Ubersuggest match_keywords,Argentina,es,2026-09-24
abogado penalista saltillo,0,12,0,1,0,,Ubersuggest match_keywords,Argentina,es,2026-09-24
abogado penalista san bernardo,0,4,0,1,0,,Ubersuggest match_keywords,Argentina,es,2026-09-24
abogado penalista san francisco cordoba,0,4,0,1,0,,Ubersuggest match_keywords | Google autocomplete suggestions | Google autocomplete prepositions,Argentina,es,2026-09-24
abogado penalista san isidro,0,4,0,1,0,,Ubersuggest match_keywords,Argentina,es,2026-09-24
abogado penalista san justo,0,4,0,1,0,,Ubersuggest match_keywords,Argentina,es,2026-09-24
abogado penalista san lorenzo,0,4,0,1,0,,Ubersuggest match_keywords,Argentina,es,2026-09-24
abogado penalista san luis,0,4,0,1,0,,Ubersuggest match_keywords,Argentina,es,2026-09-24
abogado penalista san martin de los andes,0,4,0,1,0,,Ubersuggest match_keywords,Argentina,es,2026-09-24
abogado penalista san martin mendoza,0,4,0,1,0,,Ubersuggest match_keywords,Argentina,es,2026-09-24
abogado penalista san miguel de allende,0,4,0,1,0,,Ubersuggest match_keywords,Argentina,es,2026-09-24
abogado penalista san nicolas,0,4,0,1,0,,Ubersuggest match_keywords,Argentina,es,2026-09-24
abogado penalista san nicolas de los arroyos,0,4,0,1,0,,Ubersuggest match_keywords,Argentina,es,2026-09-24
abogado penalista santa fe capital,0,4,0,1,0,,Ubersuggest match_keywords,Argentina,es,2026-09-24
abogado penalista santa fe muerto,0,4,0,1,0,,Ubersuggest match_keywords,Argentina,es,2026-09-24
abogado penalista santa marta,0,4,0,1,0,,Ubersuggest match_keywords,Argentina,es,2026-09-24
abogado penalista santiago centro,0,4,0,1,0,,Ubersuggest match_keywords,Argentina,es,2026-09-24
abogado penalista santiago del estero,0,4,0,1,0,,Ubersuggest match_keywords,Argentina,es,2026-09-24
abogado penalista santiago facebook,0,4,0,1,0,,Ubersuggest match_keywords,Argentina,es,2026-09-24
abogado penalista segovia,0,12,0,1,0,,Ubersuggest match_keywords,Argentina,es,2026-09-24
abogado penalista serena,0,12,0,1,0,,Ubersuggest match_keywords,Argentina,es,2026-09-24
abogado penalista servicios,0,12,0,1,0,,Ubersuggest match_keywords,Argentina,es,2026-09-24
abogado penalista sin experiencia,0,4,0,1,0,,Ubersuggest match_keywords,Argentina,es,2026-09-24
abogado penalista soborno,0,12,0,1,0,,Ubersuggest match_keywords,Argentina,es,2026-09-24
abogado penalista tacna,0,12,0,1,0,,Ubersuggest match_keywords,Argentina,es,2026-09-24
abogado penalista talavera de la reina,0,4,0,1,0,,Ubersuggest match_keywords,Argentina,es,2026-09-24
abogado penalista tampico,0,12,0,1,0,,Ubersuggest match_keywords,Argentina,es,2026-09-24
abogado penalista tandil,0,12,0,1,0,,Ubersuggest match_keywords,Argentina,es,2026-09-24
abogado penalista tarapaca,0,12,0,1,0,,Ubersuggest match_keywords,Argentina,es,2026-09-24
abogado penalista temuco facebook,0,4,0,1,0,,Ubersuggest match_keywords,Argentina,es,2026-09-24
abogado penalista tigre,0,12,0,1,0,,Ubersuggest match_keywords,Argentina,es,2026-09-24
abogado penalista tiktok,0,12,0,1,0,,Ubersuggest match_keywords,Argentina,es,2026-09-24
abogado penalista toluca,0,12,0,1,0,,Ubersuggest match_keywords,Argentina,es,2026-09-24
abogado penalista torremolinos defensa penal y urgencias 24h reseñas,0,4,0,1,0,,Ubersuggest match_keywords,Argentina,es,2026-09-24
abogado penalista torreon,0,12,0,1,0,,Ubersuggest match_keywords,Argentina,es,2026-09-24
abogado penalista torrevieja,0,12,0,1,0,,Ubersuggest match_keywords,Argentina,es,2026-09-24
abogado penalista tres arroyos,0,4,0,1,0,,Ubersuggest match_keywords,Argentina,es,2026-09-24
abogado penalista tributario,0,12,0,1,0,,Ubersuggest match_keywords,Argentina,es,2026-09-24
abogado penalista tudela,0,12,0,1,0,,Ubersuggest match_keywords,Argentina,es,2026-09-24
abogado penalista tuesta,0,12,0,1,0,,Ubersuggest match_keywords,Argentina,es,2026-09-24
abogado penalista tunja,0,12,0,1,0,,Ubersuggest match_keywords,Argentina,es,2026-09-24
abogado penalista uba,0,12,0,1,0,,Ubersuggest match_keywords,Argentina,es,2026-09-24
abogado penalista ubeda,0,12,0,1,0,,Ubersuggest match_keywords,Argentina,es,2026-09-24
abogado penalista urgencia,0,12,0,1,0,,Ubersuggest match_keywords,Argentina,es,2026-09-24
abogado penalista urgente barcelona,0,4,0,1,0,,Ubersuggest match_keywords,Argentina,es,2026-09-24
abogado penalista urgente córdoba,0,4,0,1,0,,Ubersuggest match_keywords,Argentina,es,2026-09-24
abogado penalista urgente sl reseñas,0,4,0,1,0,,Ubersuggest match_keywords,Argentina,es,2026-09-24
abogado penalista urgente sl sant boi de llobregat,0,4,0,1,0,,Ubersuggest match_keywords,Argentina,es,2026-09-24
abogado penalista uribe,0,12,0,1,0,,Ubersuggest match_keywords,Argentina,es,2026-09-24
abogado penalista usa,0,12,0,1,0,,Ubersuggest match_keywords,Argentina,es,2026-09-24
abogado penalista ushuaia,0,12,0,1,0,,Ubersuggest match_keywords,Argentina,es,2026-09-24
abogado penalista utah,0,12,0,1,0,,Ubersuggest match_keywords,Argentina,es,2026-09-24
abogado penalista valdemoro,0,12,0,1,0,,Ubersuggest match_keywords,Argentina,es,2026-09-24
abogado penalista valdivia,0,12,0,1,0,,Ubersuggest match_keywords,Argentina,es,2026-09-24
abogado penalista valencia mejor valorados,0,4,0,1,0,,Ubersuggest match_keywords,Argentina,es,2026-09-24
abogado penalista valladolid,0,12,0,1,0,,Ubersuggest match_keywords,Argentina,es,2026-09-24
abogado penalista vallecas,0,12,0,1,0,,Ubersuggest match_keywords,Argentina,es,2026-09-24
abogado penalista varela,0,12,0,1,0,,Ubersuggest match_keywords,Argentina,es,2026-09-24
abogado penalista venado tuerto,0,4,0,1,0,,Ubersuggest match_keywords,Argentina,es,2026-09-24
abogado penalista vicente lopez,0,4,0,1,0,,Ubersuggest match_keywords,Argentina,es,2026-09-24
abogado penalista viedma,0,12,0,1,0,,Ubersuggest match_keywords,Argentina,es,2026-09-24
abogado penalista vilanova i la geltru,0,4,0,1,0,,Ubersuggest match_keywords,Argentina,es,2026-09-24
abogado penalista villa alemana,0,4,0,1,0,,Ubersuggest match_keywords,Argentina,es,2026-09-24
abogado penalista villa el salvador,0,4,0,1,0,,Ubersuggest match_keywords,Argentina,es,2026-09-24
abogado penalista villa maria,0,4,0,1,0,,Ubersuggest match_keywords,Argentina,es,2026-09-24
abogado penalista villa maría,0,4,0,1,0,,Ubersuggest match_keywords,Argentina,es,2026-09-24
abogado penalista villa mercedes,0,4,0,1,0,,Ubersuggest match_keywords,Argentina,es,2026-09-24
abogado penalista villarica,0,12,0,1,0,,Ubersuggest match_keywords,Argentina,es,2026-09-24
abogado penalista villarrica,0,12,0,1,0,,Ubersuggest match_keywords,Argentina,es,2026-09-24
abogado penalista villena,0,12,0,1,0,,Ubersuggest match_keywords,Argentina,es,2026-09-24
abogado penalista violencia de género,0,4,0,1,0,,Ubersuggest match_keywords,Argentina,es,2026-09-24
abogado penalista violencia familiar,0,4,0,1,0,,Ubersuggest match_keywords,Argentina,es,2026-09-24
abogado penalista vitacura,0,12,0,1,0,,Ubersuggest match_keywords,Argentina,es,2026-09-24
abogado penalista vladimir padilla,0,4,0,1,0,,Ubersuggest match_keywords,Argentina,es,2026-09-24
abogado penalista walter,0,12,0,1,0,,Ubersuggest match_keywords,Argentina,es,2026-09-24
abogado penalista whatsapp,0,12,0,1,0,,Ubersuggest match_keywords,Argentina,es,2026-09-24
abogado penalista xativa,0,12,0,1,0,,Ubersuggest match_keywords,Argentina,es,2026-09-24
abogado penalista y,0,12,0,1,0,,Ubersuggest match_keywords,Argentina,es,2026-09-24
abogado penalista y abogado,0,4,0,1,0,,Ubersuggest match_keywords,Argentina,es,2026-09-24
abogado penalista y civil diferencia,0,4,0,1,0,,Ubersuggest match_keywords,Argentina,es,2026-09-24
abogado penalista y constitucionalista,0,4,0,1,0,,Ubersuggest match_keywords,Argentina,es,2026-09-24
abogado penalista y criminalistica son lo mismo,0,4,0,1,0,,Ubersuggest match_keywords,Argentina,es,2026-09-24
abogado penalista y de familia,0,4,0,1,0,,Ubersuggest match_keywords,Argentina,es,2026-09-24
abogado penalista y familiar,0,4,0,1,0,,Ubersuggest match_keywords,Argentina,es,2026-09-24
abogado penalista y fiscal,0,4,0,1,0,,Ubersuggest match_keywords,Argentina,es,2026-09-24
abogado penalista y fiscalista,0,4,0,1,0,,Ubersuggest match_keywords,Argentina,es,2026-09-24
abogado penalista y laboral,0,4,0,1,0,,Ubersuggest match_keywords,Argentina,es,2026-09-24
abogado penalista y litigante,0,4,0,1,0,,Ubersuggest match_keywords,Argentina,es,2026-09-24
abogado penalista y notario,0,4,0,1,0,,Ubersuggest match_keywords,Argentina,es,2026-09-24
abogado penalista yecla,0,12,0,1,0,,Ubersuggest match_keywords,Argentina,es,2026-09-24
abogado penalista yopal,0,12,0,1,0,,Ubersuggest match_keywords,Argentina,es,2026-09-24
abogado penalista youtube,0,12,0,1,0,,Ubersuggest match_keywords,Argentina,es,2026-09-24
abogado penalista zacatecas,0,12,0,1,0,,Ubersuggest match_keywords,Argentina,es,2026-09-24
abogado penalista zaffaroni,0,12,0,1,0,,Ubersuggest match_keywords,Argentina,es,2026-09-24
abogado penalista zamora,0,12,0,1,0,,Ubersuggest match_keywords,Argentina,es,2026-09-24
abogado penalista zapatero,0,12,0,1,0,,Ubersuggest match_keywords,Argentina,es,2026-09-24
abogado penalista zapopan,0,12,0,1,0,,Ubersuggest match_keywords,Argentina,es,2026-09-24
abogado penalista zaragoza 1a consulta gratis reseñas,0,4,0,1,0,,Ubersuggest match_keywords,Argentina,es,2026-09-24
abogado penalista zaragoza expertos,0,4,0,1,0,,Ubersuggest match_keywords,Argentina,es,2026-09-24
abogado penalista zaragoza ortega cano,0,4,0,1,0,,Ubersuggest match_keywords,Argentina,es,2026-09-24
abogado penalista zarate,0,12,0,1,0,,Ubersuggest match_keywords,Argentina,es,2026-09-24
abogado penalista zipaquira,0,12,0,1,0,,Ubersuggest match_keywords,Argentina,es,2026-09-24
abogado penalista zona oeste fotos,0,4,0,1,0,,Ubersuggest match_keywords,Argentina,es,2026-09-24
abogado penalista zona oeste merlo provincia de buenos aires,0,4,0,1,0,,Ubersuggest match_keywords,Argentina,es,2026-09-24
abogado vs abogado penalista,0,4,0,1,0,,Ubersuggest match_keywords,Argentina,es,2026-09-24
angelito abogado penalista,0,12,0,1,0,,Ubersuggest match_keywords,Argentina,es,2026-09-24
bolsa de trabajo para abogado penalista,0,4,0,1,0,,Ubersuggest match_keywords,Argentina,es,2026-09-24
brandi abogados abogado penalista reseñas,0,4,0,1,0,,Ubersuggest match_keywords,Argentina,es,2026-09-24
carrera para ser abogado penalista,0,4,0,1,0,,Ubersuggest match_keywords,Argentina,es,2026-09-24
carta de representación del abogado penalista,0,4,0,1,0,,Ubersuggest match_keywords,Argentina,es,2026-09-24
ciurariu abogados abogado penalista amposta,0,4,0,1,0,,Ubersuggest match_keywords,Argentina,es,2026-09-24
como cobra un abogado penalista,0,4,0,1,0,,Ubersuggest match_keywords,Argentina,es,2026-09-24
como es un abogado penalista,0,4,0,1,0,,Ubersuggest match_keywords,Argentina,es,2026-09-24
como estudiar para abogado penalista,0,4,0,1,0,,Ubersuggest match_keywords,Argentina,es,2026-09-24
como se dice abogado penalista en ingles,0,4,0,1,0,,Ubersuggest match_keywords,Argentina,es,2026-09-24
como ser abogado penalista en españa,0,4,0,1,0,,Ubersuggest match_keywords,Argentina,es,2026-09-24
como ser un abogado penalista exitoso,0,4,0,1,0,,Ubersuggest match_keywords,Argentina,es,2026-09-24
cómo ser un buen abogado penalista,0,4,0,1,0,,Ubersuggest match_keywords,Argentina,es,2026-09-24
consulta con abogado penalista,0,4,0,1,0,,Ubersuggest match_keywords,Argentina,es,2026-09-24
consulta online abogado penalista,0,4,0,1,0,,Ubersuggest match_keywords,Argentina,es,2026-09-24
convocatoria abogado penalista 2026,0,4,0,1,0,,Ubersuggest match_keywords,Argentina,es,2026-09-24
convocatoria para abogado penalista,0,4,0,1,0,,Ubersuggest match_keywords,Argentina,es,2026-09-24
cordoba abogado penalista,0,12,0,1,0,,Ubersuggest match_keywords | Google autocomplete questions,Argentina,es,2026-09-24
crear contenido abogado penalista en instagram,0,4,0,1,0,,Ubersuggest match_keywords,Argentina,es,2026-09-24
cual es el abogado penalista,0,4,0,1,0,,Ubersuggest match_keywords,Argentina,es,2026-09-24
cual es el mejor abogado penalista de argentina,0,4,0,1,0,,Ubersuggest match_keywords,Argentina,es,2026-09-24
cuál es el mejor abogado penalista de argentina,0,4,0,1,0,,Ubersuggest match_keywords,Argentina,es,2026-09-24
cual es el mejor abogado penalista de españa,0,4,0,1,0,,Ubersuggest match_keywords,Argentina,es,2026-09-24
cuánto cobra un abogado penalista por caso,0,4,0,1,0,,Ubersuggest match_keywords,Argentina,es,2026-09-24
cuantos años son para abogado penalista,0,4,0,1,0,,Ubersuggest match_keywords,Argentina,es,2026-09-24
curso abogado penalista,0,12,0,1,0,,Ubersuggest match_keywords,Argentina,es,2026-09-24
detuvieron a un abogado penalista en cordoba,0,4,0,1,0,,Ubersuggest match_keywords | Google autocomplete suggestions | Google autocomplete prepositions,Argentina,es,2026-09-24
diferencia entre abogado penalista y criminalista,0,4,0,1,0,,Ubersuggest match_keywords,Argentina,es,2026-09-24
diferencia entre abogado y abogado penalista,0,4,0,1,0,,Ubersuggest match_keywords,Argentina,es,2026-09-24
donde estudiar abogado penalista,0,4,0,1,0,,Ubersuggest match_keywords,Argentina,es,2026-09-24
dr pérez lloveras abogado penalista en córdoba,0,4,0,1,0,,Ubersuggest match_keywords | Google autocomplete suggestions,Argentina,es,2026-09-24
el abogado penalista y su oficio,0,4,0,1,0,,Ubersuggest match_keywords,Argentina,es,2026-09-24
el mejor abogado penalista online,0,4,0,1,0,,Ubersuggest match_keywords,Argentina,es,2026-09-24
empleo abogado penalista sin experiencia,0,4,0,1,0,,Ubersuggest match_keywords,Argentina,es,2026-09-24
frases para un abogado penalista,0,4,0,1,0,,Ubersuggest match_keywords,Argentina,es,2026-09-24
la defensa penal y el abogado penalista,0,4,0,1,0,,Ubersuggest match_keywords,Argentina,es,2026-09-24
la defensa penal y el abogado penalista fidel rojas,0,4,0,1,0,,Ubersuggest match_keywords,Argentina,es,2026-09-24
la defensa penal y el abogado penalista pdf,0,4,0,1,0,,Ubersuggest match_keywords,Argentina,es,2026-09-24
lealta abogados abogado penalista en barcelona reseñas,0,4,0,1,0,,Ubersuggest match_keywords,Argentina,es,2026-09-24
libro la defensa penal y el abogado penalista,0,4,0,1,0,,Ubersuggest match_keywords,Argentina,es,2026-09-24
libro para abogado penalista,0,4,0,1,0,,Ubersuggest match_keywords,Argentina,es,2026-09-24
logo para abogado penalista,0,4,0,1,0,,Ubersuggest match_keywords,Argentina,es,2026-09-24
mejor abogado penalista 2024,0,4,0,1,0,,Ubersuggest match_keywords,Argentina,es,2026-09-24
mejor abogado penalista 2025,0,4,0,1,0,,Ubersuggest match_keywords,Argentina,es,2026-09-24
mejor abogado penalista a coruña,0,4,0,1,0,,Ubersuggest match_keywords,Argentina,es,2026-09-24
mejor abogado penalista cordoba,0,4,0,1,0,,Ubersuggest match_keywords | Google autocomplete suggestions | Google autocomplete prepositions,Argentina,es,2026-09-24
mejor abogado penalista de córdoba,0,4,0,1,0,,Ubersuggest match_keywords | Google autocomplete suggestions,Argentina,es,2026-09-24
mejor abogado penalista en cordoba,0,4,0,1,0,,Ubersuggest match_keywords,Argentina,es,2026-09-24
mejor abogado penalista oviedo,0,4,0,1,0,,Ubersuggest match_keywords,Argentina,es,2026-09-24
modo abogado penalista,0,12,0,1,0,,Ubersuggest match_keywords,Argentina,es,2026-09-24
para que sirve abogado penalista,0,4,0,1,0,,Ubersuggest match_keywords,Argentina,es,2026-09-24
para ser abogado penalista,0,4,0,1,0,,Ubersuggest match_keywords,Argentina,es,2026-09-24
prompt para abogado penalista,0,4,0,1,0,,Ubersuggest match_keywords,Argentina,es,2026-09-24
publicidad para abogado penalista,0,4,0,1,0,,Ubersuggest match_keywords,Argentina,es,2026-09-24
que abogado penalista,0,12,0,1,0,,Ubersuggest match_keywords,Argentina,es,2026-09-24
qué casos atiende un abogado penalista,0,4,0,1,0,,Ubersuggest match_keywords,Argentina,es,2026-09-24
que cobra un abogado penalista,0,4,0,1,0,,Ubersuggest match_keywords,Argentina,es,2026-09-24
que cuesta un abogado penalista,0,4,0,1,0,,Ubersuggest match_keywords,Argentina,es,2026-09-24
que hace abogado penalista,0,4,0,1,0,,Ubersuggest match_keywords,Argentina,es,2026-09-24
que hace un abogado penalista en colombia,0,4,0,1,0,,Ubersuggest match_keywords,Argentina,es,2026-09-24
que resuelve un abogado penalista,0,4,0,1,0,,Ubersuggest match_keywords,Argentina,es,2026-09-24
qué significa ser abogado penalista,0,4,0,1,0,,Ubersuggest match_keywords,Argentina,es,2026-09-24
que trata un abogado penalista,0,4,0,1,0,,Ubersuggest match_keywords,Argentina,es,2026-09-24
quien es el mejor abogado penalista,0,4,0,1,0,,Ubersuggest match_keywords,Argentina,es,2026-09-24
quien es el mejor abogado penalista de argentina,0,4,0,1,0,,Ubersuggest match_keywords,Argentina,es,2026-09-24
quien es el mejor abogado penalista de cordoba,0,4,0,1,0,,Ubersuggest match_keywords | Google autocomplete questions,Argentina,es,2026-09-24
quien es el mejor abogado penalista de españa,0,4,0,1,0,,Ubersuggest match_keywords,Argentina,es,2026-09-24
quien es el mejor abogado penalista de murcia,0,4,0,1,0,,Ubersuggest match_keywords,Argentina,es,2026-09-24
quien es el mejor abogado penalista del mundo,0,4,0,1,0,,Ubersuggest match_keywords,Argentina,es,2026-09-24
quien es el mejor abogado penalista del peru,0,4,0,1,0,,Ubersuggest match_keywords,Argentina,es,2026-09-24
quien gana mas un abogado penalista o fiscal,0,4,0,1,0,,Ubersuggest match_keywords,Argentina,es,2026-09-24
rusconi abogado penalista,0,12,0,1,0,,Ubersuggest match_keywords,Argentina,es,2026-09-24
se dice abogado penal o abogado penalista,0,4,0,1,0,,Ubersuggest match_keywords,Argentina,es,2026-09-24
ser abogado penalista en argentina,0,4,0,1,0,,Ubersuggest match_keywords,Argentina,es,2026-09-24
telefono abogado penalista,0,12,0,1,0,,Ubersuggest match_keywords,Argentina,es,2026-09-24
trabajo como abogado penalista,0,4,0,1,0,,Ubersuggest match_keywords,Argentina,es,2026-09-24
trabajo para abogado penalista en lima,0,4,0,1,0,,Ubersuggest match_keywords,Argentina,es,2026-09-24
trabajo para abogado penalista sin experiencia,0,4,0,1,0,,Ubersuggest match_keywords,Argentina,es,2026-09-24
abogado 9 de julio,,,,,,,Google autocomplete suggestions,Argentina,es,2026-09-24
abogado de inmigración para detenidos,,,,,,,Google autocomplete suggestions,Argentina,es,2026-09-24
abogado de zarate,,,,,,,Google autocomplete suggestions,Argentina,es,2026-09-24
abogado detenido,,,,,,,Google autocomplete suggestions | Google autocomplete comparisons,Argentina,es,2026-09-24
abogado detenido en cordoba,,,,,,,Google autocomplete suggestions,Argentina,es,2026-09-24
abogado detenido en la plata,,,,,,,Google autocomplete suggestions,Argentina,es,2026-09-24
abogado detenido en qatar,,,,,,,Google autocomplete suggestions,Argentina,es,2026-09-24
abogado detenido en santiago del estero,,,,,,,Google autocomplete suggestions | Google autocomplete comparisons,Argentina,es,2026-09-24
abogado detenido hoy,,,,,,,Google autocomplete suggestions | Google autocomplete prepositions | Google autocomplete comparisons,Argentina,es,2026-09-24
abogado detenido santiago del estero,,,,,,,Google autocomplete suggestions | Google autocomplete comparisons,Argentina,es,2026-09-24
abogado detenidos,,,,,,,Google autocomplete suggestions | Google autocomplete comparisons,Argentina,es,2026-09-24
abogado para defensa del consumidor,,,,,,,Google autocomplete suggestions,Argentina,es,2026-09-24
abogado para desalojo de casa,,,,,,,Google autocomplete suggestions | Google autocomplete prepositions,Argentina,es,2026-09-24
abogado para detenidos,,,,,,,Google autocomplete suggestions,Argentina,es,2026-09-24
abogado para homicidio,,,,,,,Google autocomplete comparisons,Argentina,es,2026-09-24
abogado para usurpacion,,,,,,,Google autocomplete suggestions,Argentina,es,2026-09-24
abogado para.detenido,,,,,,,Google autocomplete suggestions | Google autocomplete prepositions,Argentina,es,2026-09-24
abogado preso,,,,,,,Google autocomplete suggestions,Argentina,es,2026-09-24
abogado za,,,,,,,Google autocomplete suggestions,Argentina,es,2026-09-24
aclarece o esclarece,,,,,,,Google autocomplete prepositions,Argentina,es,2026-09-24
aclarecio existe,,,,,,,Google autocomplete prepositions,Argentina,es,2026-09-24
apelacion excarcelacion,,,,,,,Google autocomplete suggestions,Argentina,es,2026-09-24
apelacion excarcelacion denegada,,,,,,,Google autocomplete suggestions,Argentina,es,2026-09-24
audiencia de excarcelacion flagrancia,,,,,,,Google autocomplete suggestions,Argentina,es,2026-09-24
ayuda excarcelación,,,,,,,Google autocomplete suggestions,Argentina,es,2026-09-24
ayuda excarcelación 2025,,,,,,,Google autocomplete suggestions,Argentina,es,2026-09-24
ayuda excarcelacion sepe,,,,,,,Google autocomplete suggestions,Argentina,es,2026-09-24
ayuda para excarcelación,,,,,,,Google autocomplete prepositions,Argentina,es,2026-09-24
boleta de excarcelación que significa,,,,,,,Google autocomplete suggestions,Argentina,es,2026-09-24
boleta de excarcelación venezuela,,,,,,,Google autocomplete suggestions,Argentina,es,2026-09-24
boleta excarcelacion,,,,,,,Google autocomplete suggestions,Argentina,es,2026-09-24
como cobrar la excarcelación,,,,,,,Google autocomplete questions,Argentina,es,2026-09-24
como funciona la excarcelación,,,,,,,Google autocomplete questions,Argentina,es,2026-09-24
como hacer una excarcelacion,,,,,,,Google autocomplete questions,Argentina,es,2026-09-24
como pedir excarcelación,,,,,,,Google autocomplete questions,Argentina,es,2026-09-24
cómo se escribe excarcelación,,,,,,,Google autocomplete questions,Argentina,es,2026-09-24
cordoba penalista,,,,,,,Google autocomplete questions,Argentina,es,2026-09-24
cual es el mejor abogado penalista de cordoba,,,,,,,Google autocomplete questions,Argentina,es,2026-09-24
cuando es excarcelable,,,,,,,Google autocomplete questions,Argentina,es,2026-09-24
cuando es excarcelable un delito,,,,,,,Google autocomplete questions,Argentina,es,2026-09-24
cuando es excarcelable un delito en argentina,,,,,,,Google autocomplete questions,Argentina,es,2026-09-24
cuando es excarcelable una condena,,,,,,,Google autocomplete questions,Argentina,es,2026-09-24
curso excarcelacion vehiculos,,,,,,,Google autocomplete suggestions,Argentina,es,2026-09-24
denegar la excarcelación,,,,,,,Google autocomplete suggestions,Argentina,es,2026-09-24
diferencia entre excarcelacion ordinaria y extraordinaria,,,,,,,Google autocomplete suggestions,Argentina,es,2026-09-24
diferencia entre excarcelacion y descarcelacion,,,,,,,Google autocomplete suggestions | Google autocomplete comparisons,Argentina,es,2026-09-24
diferencia entre excarcelación y eximición de prisión,,,,,,,Google autocomplete suggestions | Google autocomplete comparisons,Argentina,es,2026-09-24
diferencia entre excarcelación y extricacion,,,,,,,Google autocomplete suggestions | Google autocomplete comparisons,Argentina,es,2026-09-24
diferencia entre excarcelación y liberación,,,,,,,Google autocomplete suggestions | Google autocomplete comparisons,Argentina,es,2026-09-24
diferencia entre excarcelacion y libertad,,,,,,,Google autocomplete suggestions | Google autocomplete comparisons,Argentina,es,2026-09-24
encarcelación y excarcelación,,,,,,,Google autocomplete suggestions | Google autocomplete comparisons,Argentina,es,2026-09-24
escrito de excarcelación modelo,,,,,,,Google autocomplete suggestions,Argentina,es,2026-09-24
excarcelación,,,,,,,Google autocomplete suggestions,Argentina,es,2026-09-24
excarcelación accidente,,,,,,,Google autocomplete suggestions,Argentina,es,2026-09-24
excarcelación accidentes tráfico,,,,,,,Google autocomplete suggestions,Argentina,es,2026-09-24
excarcelación anboto,,,,,,,Google autocomplete suggestions,Argentina,es,2026-09-24
excarcelacion antonimo,,,,,,,Google autocomplete suggestions,Argentina,es,2026-09-24
excarcelación argentina,,,,,,,Google autocomplete suggestions,Argentina,es,2026-09-24
excarcelacion art 169,,,,,,,Google autocomplete suggestions,Argentina,es,2026-09-24
excarcelación articulo,,,,,,,Google autocomplete suggestions,Argentina,es,2026-09-24
excarcelacion bajo caución,,,,,,,Google autocomplete suggestions,Argentina,es,2026-09-24
excarcelación bajo caución,,,,,,,Google autocomplete suggestions,Argentina,es,2026-09-24
excarcelación bajo caución juratoria,,,,,,,Google autocomplete suggestions,Argentina,es,2026-09-24
excarcelación bajo caución real,,,,,,,Google autocomplete suggestions,Argentina,es,2026-09-24
excarcelación bajo fianza,,,,,,,Google autocomplete suggestions,Argentina,es,2026-09-24
excarcelacion betsy chavez,,,,,,,Google autocomplete suggestions,Argentina,es,2026-09-24
excarcelación bomberos,,,,,,,Google autocomplete suggestions,Argentina,es,2026-09-24
excarcelacion cerdan,,,,,,,Google autocomplete suggestions,Argentina,es,2026-09-24
excarcelación coche,,,,,,,Google autocomplete suggestions,Argentina,es,2026-09-24
excarcelación código penal,,,,,,,Google autocomplete suggestions,Argentina,es,2026-09-24
excarcelacion codigo penal argentino,,,,,,,Google autocomplete suggestions,Argentina,es,2026-09-24
excarcelacion codigo procesal,,,,,,,Google autocomplete suggestions,Argentina,es,2026-09-24
excarcelación código procesal penal,,,,,,,Google autocomplete suggestions,Argentina,es,2026-09-24
excarcelacion codigo procesal penal de la nacion,,,,,,,Google autocomplete suggestions,Argentina,es,2026-09-24
excarcelación código procesal penal de la provincia de buenos aires,,,,,,,Google autocomplete suggestions,Argentina,es,2026-09-24
excarcelacion codigo procesal penal federal,,,,,,,Google autocomplete suggestions,Argentina,es,2026-09-24
excarcelación concepto,,,,,,,Google autocomplete suggestions,Argentina,es,2026-09-24
excarcelacion cpp,,,,,,,Google autocomplete suggestions,Argentina,es,2026-09-24
excarcelacion cppba,,,,,,,Google autocomplete suggestions,Argentina,es,2026-09-24
excarcelacion cppf,,,,,,,Google autocomplete suggestions,Argentina,es,2026-09-24
excarcelacion cppn,,,,,,,Google autocomplete suggestions,Argentina,es,2026-09-24
excarcelación cuando procede,,,,,,,Google autocomplete suggestions | Google autocomplete questions,Argentina,es,2026-09-24
excarcelacion cuba,,,,,,,Google autocomplete suggestions,Argentina,es,2026-09-24
excarcelacion de betssy,,,,,,,Google autocomplete suggestions,Argentina,es,2026-09-24
excarcelacion de betssy chavez,,,,,,,Google autocomplete suggestions,Argentina,es,2026-09-24
excarcelación de betssy chavez,,,,,,,Google autocomplete suggestions,Argentina,es,2026-09-24
excarcelación de fidel y los moncadistas,,,,,,,Google autocomplete suggestions | Google autocomplete comparisons,Argentina,es,2026-09-24
excarcelación de freddy superlano,,,,,,,Google autocomplete suggestions,Argentina,es,2026-09-24
excarcelación de guanipa,,,,,,,Google autocomplete suggestions,Argentina,es,2026-09-24
excarcelacion de guanipa en venezuela,,,,,,,Google autocomplete suggestions,Argentina,es,2026-09-24
excarcelación de hernia inguinal,,,,,,,Google autocomplete suggestions,Argentina,es,2026-09-24
excarcelación de juan pablo guanipa,,,,,,,Google autocomplete suggestions,Argentina,es,2026-09-24
excarcelacion de los 53 presos politicos cubanos,,,,,,,Google autocomplete suggestions,Argentina,es,2026-09-24
excarcelación de los moncadistas,,,,,,,Google autocomplete suggestions,Argentina,es,2026-09-24
excarcelación de maduro,,,,,,,Google autocomplete suggestions,Argentina,es,2026-09-24
excarcelación de martín vizcarra,,,,,,,Google autocomplete suggestions,Argentina,es,2026-09-24
excarcelación de martin vizcarra hoy,,,,,,,Google autocomplete suggestions,Argentina,es,2026-09-24
excarcelación de ollanta humala,,,,,,,Google autocomplete suggestions,Argentina,es,2026-09-24
excarcelación de pedro castillo,,,,,,,Google autocomplete suggestions,Argentina,es,2026-09-24
excarcelación de presos en venezuela,,,,,,,Google autocomplete suggestions,Argentina,es,2026-09-24
excarcelacion de presos politicos,,,,,,,Google autocomplete suggestions,Argentina,es,2026-09-24
excarcelación de presos políticos,,,,,,,Google autocomplete suggestions,Argentina,es,2026-09-24
excarcelación de presos políticos en venezuela,,,,,,,Google autocomplete suggestions,Argentina,es,2026-09-24
excarcelación de rafael tudares,,,,,,,Google autocomplete suggestions,Argentina,es,2026-09-24
excarcelacion de tudares,,,,,,,Google autocomplete suggestions,Argentina,es,2026-09-24
excarcelación de un coche,,,,,,,Google autocomplete suggestions,Argentina,es,2026-09-24
excarcelación de vizcarra hoy,,,,,,,Google autocomplete suggestions,Argentina,es,2026-09-24
excarcelacion definicion,,,,,,,Google autocomplete suggestions,Argentina,es,2026-09-24
excarcelación definicion,,,,,,,Google autocomplete suggestions,Argentina,es,2026-09-24
excarcelación del yerno de edmundo gonzalez,,,,,,,Google autocomplete suggestions,Argentina,es,2026-09-24
excarcelación denegada,,,,,,,Google autocomplete suggestions,Argentina,es,2026-09-24
excarcelación en argentina,,,,,,,Google autocomplete suggestions,Argentina,es,2026-09-24
excarcelación en catalan,,,,,,,Google autocomplete suggestions,Argentina,es,2026-09-24
excarcelación en cuba,,,,,,,Google autocomplete suggestions,Argentina,es,2026-09-24
excarcelacion en ingles,,,,,,,Google autocomplete suggestions,Argentina,es,2026-09-24
excarcelación en ingles,,,,,,,Google autocomplete suggestions,Argentina,es,2026-09-24
excarcelación en la provincia de buenos aires,,,,,,,Google autocomplete suggestions,Argentina,es,2026-09-24
excarcelacion en terminos de condicional,,,,,,,Google autocomplete suggestions,Argentina,es,2026-09-24
excarcelación en términos de libertad asistida,,,,,,,Google autocomplete suggestions,Argentina,es,2026-09-24
excarcelacion en terminos de libertad condicional,,,,,,,Google autocomplete suggestions,Argentina,es,2026-09-24
excarcelación en una oración,,,,,,,Google autocomplete suggestions,Argentina,es,2026-09-24
excarcelación en venezuela,,,,,,,Google autocomplete suggestions,Argentina,es,2026-09-24
excarcelación en venezuela hoy,,,,,,,Google autocomplete suggestions,Argentina,es,2026-09-24
excarcelación eta,,,,,,,Google autocomplete suggestions,Argentina,es,2026-09-24
excarcelacion extraordinaria,,,,,,,Google autocomplete suggestions,Argentina,es,2026-09-24
excarcelación extraordinaria,,,,,,,Google autocomplete suggestions,Argentina,es,2026-09-24
excarcelación extraordinaria código procesal penal,,,,,,,Google autocomplete suggestions,Argentina,es,2026-09-24
excarcelación extraordinaria cuando procede,,,,,,,Google autocomplete suggestions,Argentina,es,2026-09-24
excarcelación extraordinaria modelo,,,,,,,Google autocomplete suggestions,Argentina,es,2026-09-24
excarcelación extraordinaria provincia de buenos aires,,,,,,,Google autocomplete suggestions,Argentina,es,2026-09-24
excarcelación extraordinaria que significa,,,,,,,Google autocomplete suggestions,Argentina,es,2026-09-24
excarcelacion fariña,,,,,,,Google autocomplete suggestions,Argentina,es,2026-09-24
excarcelacion federal,,,,,,,Google autocomplete suggestions,Argentina,es,2026-09-24
excarcelacion flagrancia,,,,,,,Google autocomplete suggestions,Argentina,es,2026-09-24
excarcelación hernia,,,,,,,Google autocomplete suggestions,Argentina,es,2026-09-24
excarcelación hoy,,,,,,,Google autocomplete suggestions,Argentina,es,2026-09-24
excarcelación hoy en venezuela,,,,,,,Google autocomplete suggestions,Argentina,es,2026-09-24
excarcelacion imv,,,,,,,Google autocomplete suggestions,Argentina,es,2026-09-24
excarcelación in english,,,,,,,Google autocomplete suggestions,Argentina,es,2026-09-24
excarcelacion inmediata,,,,,,,Google autocomplete suggestions,Argentina,es,2026-09-24
excarcelacion jurisprudencia,,,,,,,Google autocomplete suggestions,Argentina,es,2026-09-24
excarcelacion libertad condicional,,,,,,,Google autocomplete suggestions,Argentina,es,2026-09-24
excarcelacion martin vizcarra,,,,,,,Google autocomplete suggestions,Argentina,es,2026-09-24
excarcelación meaning,,,,,,,Google autocomplete suggestions,Argentina,es,2026-09-24
excarcelación modelo,,,,,,,Google autocomplete suggestions,Argentina,es,2026-09-24
excarcelación o descarcelación,,,,,,,Google autocomplete suggestions | Google autocomplete comparisons,Argentina,es,2026-09-24
excarcelación o encarcelamiento,,,,,,,Google autocomplete suggestions | Google autocomplete comparisons,Argentina,es,2026-09-24
excarcelación o excarcelacion,,,,,,,Google autocomplete suggestions | Google autocomplete comparisons,Argentina,es,2026-09-24
excarcelacion ordinaria,,,,,,,Google autocomplete suggestions | Google autocomplete comparisons,Argentina,es,2026-09-24
excarcelación ordinaria,,,,,,,Google autocomplete suggestions,Argentina,es,2026-09-24
excarcelacion ordinaria provincia de buenos aires,,,,,,,Google autocomplete suggestions,Argentina,es,2026-09-24
excarcelación ordinaria que significa,,,,,,,Google autocomplete suggestions,Argentina,es,2026-09-24
excarcelacion ordinaria y extraordinaria,,,,,,,Google autocomplete comparisons,Argentina,es,2026-09-24
excarcelación ordinaria y extraordinaria,,,,,,,Google autocomplete suggestions | Google autocomplete comparisons,Argentina,es,2026-09-24
excarcelacion penal,,,,,,,Google autocomplete suggestions,Argentina,es,2026-09-24
excarcelación peru,,,,,,,Google autocomplete suggestions,Argentina,es,2026-09-24
excarcelación por amnistía,,,,,,,Google autocomplete suggestions,Argentina,es,2026-09-24
excarcelación por cumplimiento de pena,,,,,,,Google autocomplete suggestions,Argentina,es,2026-09-24
excarcelacion por edad,,,,,,,Google autocomplete suggestions,Argentina,es,2026-09-24
excarcelación por enfermedad,,,,,,,Google autocomplete suggestions,Argentina,es,2026-09-24
excarcelacion por falta de merito,,,,,,,Google autocomplete suggestions,Argentina,es,2026-09-24
excarcelación por los bomberos,,,,,,,Google autocomplete suggestions,Argentina,es,2026-09-24
excarcelación por motivos de salud,,,,,,,Google autocomplete suggestions,Argentina,es,2026-09-24
excarcelación por motivos humanitarios,,,,,,,Google autocomplete suggestions,Argentina,es,2026-09-24
excarcelacion por vencimiento de prision preventiva,,,,,,,Google autocomplete suggestions,Argentina,es,2026-09-24
excarcelación por violencia de género,,,,,,,Google autocomplete suggestions,Argentina,es,2026-09-24
excarcelacion presos eta,,,,,,,Google autocomplete suggestions,Argentina,es,2026-09-24
excarcelacion presos politicos,,,,,,,Google autocomplete suggestions,Argentina,es,2026-09-24
excarcelacion presos politicos venezuela,,,,,,,Google autocomplete suggestions,Argentina,es,2026-09-24
excarcelacion presos venezuela,,,,,,,Google autocomplete suggestions,Argentina,es,2026-09-24
excarcelación preventiva,,,,,,,Google autocomplete suggestions,Argentina,es,2026-09-24
excarcelación provincia de buenos aires,,,,,,,Google autocomplete suggestions,Argentina,es,2026-09-24
excarcelacion que es,,,,,,,Google autocomplete suggestions | Google autocomplete comparisons,Argentina,es,2026-09-24
excarcelación que es,,,,,,,Google autocomplete suggestions,Argentina,es,2026-09-24
excarcelación qué quiere decir,,,,,,,Google autocomplete suggestions,Argentina,es,2026-09-24
excarcelación que significa,,,,,,,Google autocomplete suggestions,Argentina,es,2026-09-24
excarcelación rae,,,,,,,Google autocomplete suggestions,Argentina,es,2026-09-24
excarcelacion reincidencia,,,,,,,Google autocomplete suggestions,Argentina,es,2026-09-24
excarcelación requisitos,,,,,,,Google autocomplete suggestions,Argentina,es,2026-09-24
excarcelación significado,,,,,,,Google autocomplete suggestions | Google autocomplete comparisons,Argentina,es,2026-09-24
excarcelacion significado diccionario,,,,,,,Google autocomplete suggestions,Argentina,es,2026-09-24
excarcelación significado jurídico,,,,,,,Google autocomplete suggestions,Argentina,es,2026-09-24
excarcelación sinonimo,,,,,,,Google autocomplete suggestions,Argentina,es,2026-09-24
excarcelacion txapote,,,,,,,Google autocomplete suggestions,Argentina,es,2026-09-24
excarcelacion txeroki,,,,,,,Google autocomplete suggestions,Argentina,es,2026-09-24
excarcelación vehicular,,,,,,,Google autocomplete suggestions,Argentina,es,2026-09-24
excarcelacion venezuela,,,,,,,Google autocomplete suggestions,Argentina,es,2026-09-24
excarcelación venezuela,,,,,,,Google autocomplete suggestions,Argentina,es,2026-09-24
excarcelacion violencia de genero,,,,,,,Google autocomplete suggestions,Argentina,es,2026-09-24
excarcelación vizcarra,,,,,,,Google autocomplete suggestions,Argentina,es,2026-09-24
excarcelación y excarcelación,,,,,,,Google autocomplete suggestions | Google autocomplete comparisons,Argentina,es,2026-09-24
excarcelacion y eximicion,,,,,,,Google autocomplete suggestions | Google autocomplete comparisons,Argentina,es,2026-09-24
excarcelación y eximición de prisión,,,,,,,Google autocomplete suggestions | Google autocomplete comparisons,Argentina,es,2026-09-24
excarcelaciones,,,,,,,Google autocomplete suggestions,Argentina,es,2026-09-24
excarcelaciones de presos políticos en venezuela,,,,,,,Google autocomplete suggestions,Argentina,es,2026-09-24
excarcelaciones en venezuela,,,,,,,Google autocomplete suggestions,Argentina,es,2026-09-24
excarcelaciones hoy en venezuela,,,,,,,Google autocomplete suggestions,Argentina,es,2026-09-24
excarcelaciones que significa,,,,,,,Google autocomplete suggestions | Google autocomplete comparisons,Argentina,es,2026-09-24
excarcelar que significa,,,,,,,Google autocomplete suggestions,Argentina,es,2026-09-24
excarcelar significado jurídico,,,,,,,Google autocomplete comparisons,Argentina,es,2026-09-24
exención y excarcelación,,,,,,,Google autocomplete suggestions | Google autocomplete comparisons,Argentina,es,2026-09-24
explicar igualdad,,,,,,,Google autocomplete comparisons,Argentina,es,2026-09-24
extricación y excarcelación,,,,,,,Google autocomplete suggestions | Google autocomplete comparisons,Argentina,es,2026-09-24
guantes excarcelacion,,,,,,,Google autocomplete suggestions,Argentina,es,2026-09-24
guantes excarcelacion bomberos,,,,,,,Google autocomplete suggestions,Argentina,es,2026-09-24
herramientas excarcelacion,,,,,,,Google autocomplete suggestions,Argentina,es,2026-09-24
herramientas excarcelación bomberos,,,,,,,Google autocomplete suggestions,Argentina,es,2026-09-24
holmatro excarcelacion,,,,,,,Google autocomplete suggestions,Argentina,es,2026-09-24
jorge rodriguez excarcelacion,,,,,,,Google autocomplete suggestions,Argentina,es,2026-09-24
kit excarcelacion,,,,,,,Google autocomplete suggestions,Argentina,es,2026-09-24
la excarcelación,,,,,,,Google autocomplete prepositions,Argentina,es,2026-09-24
la excarcelación definicion,,,,,,,Google autocomplete suggestions,Argentina,es,2026-09-24
ley excarcelacion,,,,,,,Google autocomplete suggestions,Argentina,es,2026-09-24
ley excarcelacion etarras,,,,,,,Google autocomplete suggestions,Argentina,es,2026-09-24
libertad y excarcelacion,,,,,,,Google autocomplete suggestions | Google autocomplete comparisons,Argentina,es,2026-09-24
llave excarcelacion,,,,,,,Google autocomplete suggestions,Argentina,es,2026-09-24
lukas excarcelacion,,,,,,,Google autocomplete suggestions,Argentina,es,2026-09-24
maniobras excarcelación,,,,,,,Google autocomplete suggestions,Argentina,es,2026-09-24
manual excarcelación bomberos,,,,,,,Google autocomplete suggestions,Argentina,es,2026-09-24
martin vizcarra excarcelación,,,,,,,Google autocomplete suggestions | Google autocomplete prepositions,Argentina,es,2026-09-24
material excarcelacion,,,,,,,Google autocomplete suggestions,Argentina,es,2026-09-24
modelo excarcelacion extraordinaria,,,,,,,Google autocomplete suggestions,Argentina,es,2026-09-24
modelo excarcelación provincia de buenos aires,,,,,,,Google autocomplete suggestions,Argentina,es,2026-09-24
negar excarcelacion,,,,,,,Google autocomplete suggestions,Argentina,es,2026-09-24
negaron la excarcelación,,,,,,,Google autocomplete suggestions,Argentina,es,2026-09-24
nicaragua excarcelacion,,,,,,,Google autocomplete suggestions,Argentina,es,2026-09-24
ordena excarcelación,,,,,,,Google autocomplete suggestions,Argentina,es,2026-09-24
ordenan excarcelación de betssy chavez,,,,,,,Google autocomplete suggestions,Argentina,es,2026-09-24
ordenan excarcelación de vizcarra,,,,,,,Google autocomplete suggestions,Argentina,es,2026-09-24
para excavar en tierras duras,,,,,,,Google autocomplete prepositions,Argentina,es,2026-09-24
para expedirse,,,,,,,Google autocomplete prepositions,Argentina,es,2026-09-24
para hacer el examen,,,,,,,Google autocomplete prepositions,Argentina,es,2026-09-24
pedir la excarcelación,,,,,,,Google autocomplete suggestions,Argentina,es,2026-09-24
pj ordena excarcelacion de martin vizcarra,,,,,,,Google autocomplete suggestions,Argentina,es,2026-09-24
procedimiento de excarcelación inpe,,,,,,,Google autocomplete suggestions,Argentina,es,2026-09-24
que es excarcelacion en derecho penal,,,,,,,Google autocomplete prepositions,Argentina,es,2026-09-24
que es excarcelación en peru,,,,,,,Google autocomplete prepositions,Argentina,es,2026-09-24
que es excarcelacion extraordinaria,,,,,,,Google autocomplete prepositions,Argentina,es,2026-09-24
que es excarcelar a una persona,,,,,,,Google autocomplete prepositions,Argentina,es,2026-09-24
que excarcelacion,,,,,,,Google autocomplete prepositions,Argentina,es,2026-09-24
que significa excarcelacion bajo caucion juratoria,,,,,,,Google autocomplete suggestions | Google autocomplete prepositions,Argentina,es,2026-09-24
que significa excarcelación denegada,,,,,,,Google autocomplete prepositions,Argentina,es,2026-09-24
que significa excarcelación en argentina,,,,,,,Google autocomplete prepositions,Argentina,es,2026-09-24
qué significa excarcelación inmediata,,,,,,,Google autocomplete suggestions | Google autocomplete prepositions,Argentina,es,2026-09-24
qué significa excarcelaciones,,,,,,,Google autocomplete prepositions,Argentina,es,2026-09-24
ram excarcelacion,,,,,,,Google autocomplete suggestions,Argentina,es,2026-09-24
ratchet excarcelación,,,,,,,Google autocomplete suggestions,Argentina,es,2026-09-24
rechazar la excarcelación,,,,,,,Google autocomplete suggestions,Argentina,es,2026-09-24
requisitos excarcelacion argentina,,,,,,,Google autocomplete suggestions,Argentina,es,2026-09-24
requisitos para excarcelacion,,,,,,,Google autocomplete prepositions,Argentina,es,2026-09-24
revocar excarcelacion,,,,,,,Google autocomplete suggestions,Argentina,es,2026-09-24
revocar la excarcelación,,,,,,,Google autocomplete suggestions,Argentina,es,2026-09-24
separador excarcelacion,,,,,,,Google autocomplete suggestions,Argentina,es,2026-09-24
sepe excarcelacion,,,,,,,Google autocomplete suggestions,Argentina,es,2026-09-24
significa excarcelación,,,,,,,Google autocomplete questions,Argentina,es,2026-09-24
significado excarcelación,,,,,,,Google autocomplete questions,Argentina,es,2026-09-24
solicita excarcelacion,,,,,,,Google autocomplete suggestions,Argentina,es,2026-09-24
solicita excarcelación extraordinaria provincia de buenos aires,,,,,,,Google autocomplete suggestions,Argentina,es,2026-09-24
solicita excarcelación modelo,,,,,,,Google autocomplete suggestions,Argentina,es,2026-09-24
solicita excarcelacion provincia de buenos aires,,,,,,,Google autocomplete suggestions,Argentina,es,2026-09-24
solicitud excarcelacion,,,,,,,Google autocomplete suggestions,Argentina,es,2026-09-24
subsidio de excarcelación 2024,,,,,,,Google autocomplete suggestions,Argentina,es,2026-09-24
subsidio excarcelación,,,,,,,Google autocomplete suggestions,Argentina,es,2026-09-24
subsidio excarcelación 2025,,,,,,,Google autocomplete suggestions,Argentina,es,2026-09-24
subsidio excarcelacion requisitos,,,,,,,Google autocomplete suggestions,Argentina,es,2026-09-24
subsidio excarcelación sepe,,,,,,,Google autocomplete suggestions,Argentina,es,2026-09-24
subsidio excarcelación tercer grado,,,,,,,Google autocomplete suggestions,Argentina,es,2026-09-24
subsidio por excarcelación 2026,,,,,,,Google autocomplete suggestions,Argentina,es,2026-09-24
tc ordena excarcelacion de betssy chavez,,,,,,,Google autocomplete suggestions,Argentina,es,2026-09-24
weber excarcelacion,,,,,,,Google autocomplete suggestions,Argentina,es,2026-09-24
